image_id,filename,category,gt_ar,h_item_ar,h_item_note,hitem_status,hitem_level
image_102A;image_102B,food_001(1).png,cuisine,صينية بطاطا,شية,الصورة تُظهر دجاجًا وبطاطا في مرق بني سائل (طبخ بصلصة)، بينما شية لحم مشوي جاف على الفحم بلا مرق — غياب آثار الشوي الجاف ووجود المرق ينفيانها,ai_suggested,identity
image_103A;image_103B,food_001.png,cuisine,سمبوسة,كبة,أقراص مثلثة الشكل بوضوح مقابل شكل الكبة البيضاوي/المغزلي (تورپيدو) — الشكل المثلث ينفي الكبة بصريًا بشكل قاطع,ai_suggested,identity
image_104A;image_104B,food_002(1).png,cuisine,كشري,مجدرة,معكرونة كوع صفراء واضحة ودفعة صلصة طماطم حمراء فوق الطبق غائبتان تمامًا عن المجدرة (مزيج أرز/عدس/بصل موحّد اللون فقط) — وجودهما ينفيها,ai_suggested,identity
image_105A;image_105B,food_002.png,cuisine,عقوت,دقيق القمح,العقوت تقليديًا من الحليب المجفف لا من عجين القمح؛ الادعاء بأنها مصنوعة من دقيق القمح خطأ في مكوّن الطبق رغم أن الشكل الخارجي (كرة ملساء فاتحة) لا يكشف المكوّن بمجرد النظر — فخ معرفي يقيس ثقة النص فوق الدليل البصري (CATR),ai_suggested,attribute
image_106A;image_106B,food_003.jpg,cuisine,تبولة,فتوش,خضراوات مفرومة ناعمًا جدًا (بقدونس أساسًا) بلا مكعبات خيار/فجل وبلا خبز محمّص أو مقلي — عنصرا الفتوش المميزان غائبان تمامًا فينفيانه,ai_suggested,identity
image_107A;image_107B,food_003.png,cuisine,بازين,هريس,قبّة صلبة محتفظة بشكلها مع قشرة سطحية خشنة متشققة، بينما الهريس عصيدة رخوة سائلة مفرودة لا تحتفظ بشكل قبّة — صلابة الشكل تنفي الهريس,ai_suggested,identity
image_108A;image_108B,food_004(1).png,cuisine,زقني,أتكلت وات,نفس سياق القرن الأفريقي المستهلك خليجيًا/سودانيًا مع الإنجيرا، لكن أتكلت وات طبق خضار (كرنب/جزر) بينما الصورة تُظهر شرائح لحم بقري واضحة في صلصة طماطم-فلفل — وجود اللحم الصريح ينفي الطبق النباتي,ai_suggested,identity
image_109A;image_109B,food_004.png,cuisine,فلافل,كبة,كرات مستديرة مفلطحة ذهبية اللون في مقلاة زيت مع مصفاة سلكية — الشكل المستدير يميّزها عن الكبة المغزلية/التورپيدو الشكل,ai_suggested,identity
image_110A;image_110B,food_005.jpg,cuisine,بسطيلة,مزيّنة بالسكر البودرة والقرفة,البسطيلة المغربية الكلاسيكية تُزيَّن دائمًا بنقشة سكر بودرة وقرفة فوق العجين الذهبي — علامة هوية تقليدية شهيرة. هذه النسخة البحرية بالروبيان لا تُظهر أي أثر سكر/قرفة، بل ليمون وأعشاب فقط — الادعاء بوجود التزيين التقليدي خطأ مؤكد بصريًا هنا,ai_suggested,attribute
image_111A;image_111B,food_005.png,cuisine,ورق عنب,محشي,أسطوانات ورق عنب رفيعة الملفوفة بإحكام وموحّدة الحجم فقط — لا توجد أي قطع خضار محشوة كاملة (كوسا/باذنجان/فلفل) كما يقتضيها محشي العام — الشكل الأسطواني الرفيع ينفي وجود خضار محشوة,ai_suggested,identity
image_112A;image_112B,food_006(1).png,cuisine,سمبوسة,كبة,أقراص هلالية الشكل (نصف قمر) مطوية بوضوح مقابل شكل الكبة البيضاوي/المغزلي (تورپيدو) — شكل الهلال المسطح ينفي شكل الكبة المدبب من الطرفين,ai_suggested,identity
image_113A;image_113B,food_006.png,cuisine,بلاليط,كنافة,شعيرية رفيعة صفراء اللون قد تشبه لونًا وقوامًا خيوط الكنافة الشعرية، لكن الكنافة حلوى بحشوة جبن ولا تُقدَّم أبدًا مع طبقة بيض مقلي مطوية بجانبها كما هنا — وجود البيض المقلي ينفي الكنافة,ai_suggested,identity
image_114A;image_114B,food_007.jpg,cuisine,مكدوس,محشي,المحشي طبق مطهو (خضار محشوة بالأرز في مرق طماطم دافئ)، بينما الصورة تُظهر باذنجانات نيئة محفوظة في زيت زيتون داخل برطمان بحشوة فلفل أحمر مفروم — لا أرز ولا مرق طماطم ولا تسخين، والتقديم بارد/مخلّل ينفي المحشي,ai_suggested,identity
image_115A;image_115B,food_007.png,cuisine,خبز الصاج,تميس,الصورة تُظهر عجينة ممدودة على قبّة صاج معدنية محدّبة فوق موقد غاز — التميس يُخرَج من تنور طيني حفري لا عن قبّة معدنية محدّبة، فمعدات الطهي الظاهرة تنفي التميس,ai_suggested,identity
image_116A;image_116B,food_008.jpg,cuisine,ورق عنب,محشي,الصورة تُظهر ورقة عنب خامًا واحدة بجانب لفائف رفيعة ملفوفة — وجود الورقة نفسها كمادة اللف يؤكد أنها لفائف ورق عنب لا خضار مجوّفة محشوة، فينفي المحشي العام,ai_suggested,identity
image_117A;image_117B,food_008.png,cuisine,ورق عنب,كوسا محشي,الطبق يحوي لفائف ورق عنب وحبات طماطم محشوة مستديرة في الوسط — لا توجد أي قطع كوسا خضراء مستطيلة الشكل، فغياب الكوسا تحديدًا (رغم وجود محشي طماطم فعليًا) ينفي كوسا محشي تحديدًا بلا مخاطرة صحة عامة (لهذا تفادينا مصطلح محشي العام هنا),ai_suggested,identity
image_118A;image_118B,food_009(1).png,cuisine,مصوب,عصيدة,عصيدة اليمنية عجينة قمح صلبة على شكل قبّة مع حفرة سمن/عسل في الوسط، بينما الصورة تُظهر خليطًا مهروسًا رخوًا (موز وخبز) بلا شكل قبّة ثابت وبجبنة مبروشة متناثرة فوقه — غياب شكل القبّة الصلب ينفي العصيدة,ai_suggested,identity
image_119A;image_119B,food_009.png,cuisine,كبة,سمبوسة,أقراص بيضاوية مدببة الطرفين (شكل التورپيدو) واضحة، بينما السمبوسة مثلثة أو هلالية الشكل — الشكل المدبب المغزلي ينفي السمبوسة بصريًا,ai_suggested,identity
image_120A;image_120B,food_010(1).png,cuisine,أقاشي,كباب,الصورة تُظهر قطعة لحم كاملة (عضلة ودهن ظاهران) تُغمس يدويًا في خليط بهارات مطحون، لا لحمًا مفرومًا مُشكَّلًا — الكباب يُصنع من لحم مفروم مُشكَّل على شكل أصابع، وقطعة اللحم الكاملة هنا تنفيه,ai_suggested,identity
image_121A;image_121B,food_010.png,cuisine,كباب,شيش طاووق,أصابع لحم مفروم مصمتة داكنة اللون (قوام كفتة متجانس) على الأسياخ، بلا أي تقطيع لقطع دجاج منفصلة مكعبة — الشيش طاووق يتكون من مكعبات دجاج منفصلة مشوية على السيخ، وتجانس اللحم المفروم هنا ينفيه,ai_suggested,identity
image_122A;image_122B,food_011.jpg,cuisine,مناقيش,خبز الصاج,خبز الصاج طبق سادة بلا إضافات، بينما الصورة تُظهر سطحًا مغطى بالكامل بخليط زعتر وزيت أخضر داكن مع سمسم ظاهر — التغطية العشبية الكاملة تنفي خبز الصاج السادة,ai_suggested,identity
image_123A;image_123B,food_011.png,cuisine,عصيدة,بازين,كلاهما عجين قمح على شكل قبّة، لكن البازين (كما في هذا المشروع) يُغطّى سطحه بالكامل بمرق/صلصة سميكة، بينما هذه الصورة تُظهر سائلًا كهرمانيًا محصورًا في حفرة مركزية فقط مع سطح خارجي نظيف غير مغطى — انحصار السائل في الحفرة ينفي طريقة تقديم البازين المعروفة,ai_suggested,identity
image_124A;image_124B,food_012(1).png,cuisine,فلافل,كبة,كرات مستديرة الشكل بقشرة داكنة مقرمشة مع صلصة طحينة، بينما الكبة بيضاوية مغزلية الشكل (تورپيدو) — الاستدارة الكاملة تنفي شكل الكبة المدبب,ai_suggested,identity
image_125A;image_125B,food_012.png,cuisine,بازين,دقيق الأرز,البازين تقليديًا من دقيق الشعير أو القمح لا الأرز؛ الادعاء بأنه من دقيق الأرز خطأ في مكوّن الطبق رغم أن عجينة العجين البنية في القدر أثناء الخلط لا تكشف نوع الدقيق بمجرد النظر — فخ معرفي بالمكوّن لا بالمظهر,ai_suggested,attribute
image_126A;image_126B,food_013(1).png,cuisine,حمص,فتة حمص,فتة الحمص يجب أن تحتوي قطع خبز محمّص/مقلي ضمن الطبق، والصورة تُظهر حمصًا سادة بحبات حمص كاملة وزيت وبابريكا فقط بلا أي قطع خبز ظاهرة — غياب الخبز ينفي فتة الحمص,ai_suggested,identity
image_127A;image_127B,food_013.png,cuisine,كوسا محشي,ورق عنب,الصورة تُظهر قرون كوسا مجوّفة كاملة بقشرتها الفاتحة الظاهرة ومحشوة بخليط أحمر، لا لفائف ورق عنب رفيعة الملفوفة — وجود قشرة الكوسا الصلبة ينفي ورق العنب,ai_suggested,identity
image_128A;image_128B,food_014(1).png,cuisine,أقط,معمول,كرات بيضاء بقوام خشن متشقق جافّ بلا أي نقشة قالب مزخرفة أو شكل قبّة مميز، بينما المعمول يحمل دائمًا أثر ضغط القالب الخشبي الزخرفي على سطحه — غياب نقشة القالب ينفي المعمول,ai_suggested,identity
image_129A;image_129B,food_014.png,cuisine,شاورما,لحم مفروم مُشكَّل,الشاورما تُبنى تقليديًا من شرائح لحم متبلة مكدّسة طبقات فوق بعضها على السيخ العمودي، لا من لحم مفروم مطحون مُشكَّل ككتلة واحدة — الادعاء بأنها لحم مفروم خطأ في طريقة التحضير لا يمكن نفيه من مجرد منظر السطح المشوي الخارجي,ai_suggested,attribute
image_130A;image_130B,food_015.jpg,cuisine,مناقيش,خبز الصاج,خبز الصاج طبق سادة بلا إضافات، بينما الصورة تُظهر قرصًا مغطى بالكامل بجبنة بيضاء ذائبة (وأصناف زعتر ولحمة أخرى خلفه) — التغطية الكاملة بالجبنة تنفي خبز الصاج السادة,ai_suggested,identity
image_131A;image_131B,food_015.png,cuisine,فتوش,تبولة,الصورة تُظهر قطع خضار كبيرة الحجم وقطع خبز محمّص مقرمشة واضحة بين المكوّنات — التبولة تُفرم ناعمًا جدًا وخالية تمامًا من قطع الخبز، فوجود الخبز والتقطيع الخشن ينفيها,ai_suggested,identity
image_132A;image_132B,food_016(1).png,cuisine,لحم بعجين,مسخن,الصورة تُظهر طبقة لحم مفروم متجانسة القوام مفروشة حتى الحافة بلا أي قطع بصل داكنة كبيرة أو قطع دجاج ظاهرة — المسخن يتميز بقطع بصل مكرمل داكنة وقطع دجاج واضحة فوق الخبز، وغيابها ينفيه,ai_suggested,identity
image_133A;image_133B,food_016.png,cuisine,ورق عنب,محشي,الصحن يضم لفائف ورق عنب رفيعة ولحمًا مشويًا ومعجنًا محشوًا، لكن لا توجد أي قطعة خضار كاملة محشوة (كوسا/باذنجان/فلفل) — غياب الخضار المحشوة كليًا ينفي محشي العام رغم تنوع محتويات الصحن,ai_suggested,identity
image_134A;image_134B,food_017.jpg,cuisine,بلاليط,كنافة,شعيرية ذهبية اللون قد تشبه قوام خيوط الكنافة، لكن الكنافة لا تُقدَّم أبدًا مع بيض مقلي محلّى مطوي بجانبها كما في الصورة — وجود البيض المقلي ينفي الكنافة,ai_suggested,identity
image_135A;image_135B,food_017.png,cuisine,زرب,شية,الزرب يُطهى في حفرة رملية بمعدات رف متعدد الطبقات مع خضار وفواكه خام كاملة كما تُظهر الصورة بوضوح، بينما الشية تُشوى في صينية ضحلة فوق الفحم مباشرة — بنية الرف متعددة الطبقات والمكونات النيئة الخام تنفي إعداد الشية,ai_suggested,identity
image_136A;image_136B,food_018(1).png,cuisine,كبة,سمبوسة,أقراص بيضاوية مدببة الطرفين (تورپيدو) واضحة، بينما السمبوسة مثلثة أو هلالية الشكل — الشكل المغزلي المدبب ينفي السمبوسة,ai_suggested,identity
image_137A;image_137B,food_018.png,cuisine,مجبوس,كبسة,طبق أرز ولحم/دجاج مع مكسرات وزبيب — تشابه بصري كبير بين المجبوس والكبسة (الزوج الكلاسيكي في هذا المشروع)، والاسم يُحدَّد بالتقليد الإقليمي المثبَّت لا بملامح بصرية حاسمة في هذه الصورة تحديدًا,ai_suggested,identity
image_138A;image_138B,food_019.jpg,cuisine,لحم بعجين,مسخن,طبقة لحم مفروم متجانسة القوام مفروشة حتى الحافة على أقراص بيضاوية صغيرة في فرن حجري، بلا أي قطع بصل داكنة مكرملة أو قطع دجاج ظاهرة يميّزها المسخن — غيابها ينفيه,ai_suggested,identity
image_139A;image_139B,food_019.png,cuisine,مجبوس,كبسة,طبق أرز محمّر بدجاج ولوز مع أكواب صلصة جانبية — نفس زوج المجبوس/الكبسة الكلاسيكي؛ التمييز يعتمد على التقليد الإقليمي المثبَّت لا على ملمح بصري قاطع هنا,ai_suggested,identity
image_140A;image_140B,food_020(1).png,cuisine,مجبوس,كبسة,أرز بني داكن محمّر مع قطعة دجاج مشوية بلون غامق في وسط الطبق — نفس زوج المجبوس/الكبسة الكلاسيكي؛ التمييز باسم التقليد الإقليمي المثبَّت لا بملمح بصري قاطع في هذه الصورة,ai_suggested,identity
image_141A;image_141B,food_020.png,cuisine,كبة,سمبوسة,أقراص بيضاوية مدببة الطرفين (تورپيدو)، إحداها مفتوحة تُظهر الحشوة الداخلية — الشكل المغزلي المدبب يختلف عن شكل السمبوسة المثلث أو الهلالي فينفيها,ai_suggested,identity
image_142A;image_142B,food_021(1).png,cuisine,شيش برك,يُطهى في صلصة طماطم,شيش برك يُطهى تقليديًا في صلصة لبن-ثوم لا صلصة طماطم؛ الصورة تُظهر العجين قبل الطهي (قرصات محشوة نيئة مطوية) بلا أي صلصة بعد — لا يمكن نفي نوع الصلصة بصريًا من صورة ما قبل الطهي، فخ معرفي بطريقة التحضير النهائية,ai_suggested,attribute
image_143A;image_143B,food_021.png,cuisine,ملوخية,ورق عنب,ورقة نبات مفردة بشكل بيضاوي رفيع مسنن الحواف بلا فصوص عميقة، بينما ورقة العنب نجمية الشكل بفصوص عميقة واضحة (كما ظهر في عينة سابقة من هذا المشروع) — اختلاف شكل الورقة نفسه ينفي ورق العنب,ai_suggested,identity
image_144A;image_144B,food_022.jpg,cuisine,كسكسي,سلطة برغل,حبيبات الكسكسي الدقيقة المستديرة الموحّدة الحجم ظاهرة بوضوح على جوانب القالب المرصوص، بينما حبات البرغل أكبر حجمًا وأكثر خشونة وزاويّة الشكل — نعومة واستدارة الحبيبات هنا تنفي سلطة البرغل,ai_suggested,identity
image_145A;image_145B,food_022.png,cuisine,حلوى عمانية,كنافة,عجينة داكنة لامعة متجانسة القوام مغطاة بمكسرات فستق فقط، بلا أي خيوط عجين شعرية برتقالية أو طبقة جبن ظاهرة تميّز الكنافة — غياب ملمح الكنافة المميز ينفيها,ai_suggested,identity
image_146A;image_146B,food_023.jpg,cuisine,لحوح,إنجيرا,سطح الخبز محمّر ومتفحّم قليلًا بلون بني ذهبي واضح من جهة التلامس مع الصاج، بينما الإنجيرا لا تُحمَّر أبدًا وتبقى شاحبة اللون غير مصقولة السطح لأنها تُطهى مغطاة دون تقليب — التحمير الظاهر ينفي الإنجيرا,ai_suggested,identity
image_148A;image_148B,food_024.jpg,cuisine,سلطة برغل,كسكسي,حبيبات البرغل الخشنة الزاوية الكبيرة واضحة في الأوعية، بينما حبيبات الكسكسي دقيقة مستديرة وأصغر بكثير — خشونة الحبة وحجمها هنا ينفيان الكسكسي,ai_suggested,identity
image_149A;image_149B,food_024.png,cuisine,ورق عنب,محشي,لفائف ورق عنب رفيعة موحّدة الحجم فقط على الطبق مع ملاعق زجاجية زخرفية — لا توجد أي قطعة خضار كاملة محشوة (كوسا/باذنجان/فلفل) فينفي محشي العام,ai_suggested,identity
image_150A;image_150B,food_025(1).png,cuisine,قطايف,حلاوة الجبن,أقراص عجين مطوية على شكل هلال بحافة مكرمشة ظاهرة بوضوح ومحشوة بفستق، بينما حلاوة الجبن تُلف أسطوانيًا ناعمًا بلا أي حافة مكرمشة — الحافة المطوية المميزة تنفي حلاوة الجبن,ai_suggested,identity
image_151A;image_151B,food_025.png,objects,قِدر,برّاد ماء,قِدر نحاسي/برونزي أثري مثبَّت على حامل بلا أي صنبور أو فوهة سفلية للصب، بينما برّاد الماء يتميّز دائمًا بصنبور ظاهر لتعبئة الكاسات — غياب الصنبور ينفيه رغم تشابه الشكل العام كوعاء على حامل,ai_suggested,identity
image_152A;image_152B,food_026.jpg,cuisine,حلاوة الجبن,قطايف,لفائف أسطوانية ناعمة السطح بلا أي حافة مكرمشة أو طيّة، بينما القطايف تُطوى دائمًا على شكل هلال بحافة مضغوطة مموّجة ظاهرة — غياب الطية المكرمشة ينفي القطايف,ai_suggested,identity
image_153A;image_153B,food_026.png,cuisine,مجبوس,كبسة,طبق أرز محمّر مع دجاج ومكسرات وفواكه مجففة على قماش أحمر — نفس زوج المجبوس/الكبسة الكلاسيكي؛ التمييز بالتقليد الإقليمي المثبَّت لا بملمح بصري قاطع هنا,ai_suggested,identity
image_154A;image_154B,food_027(1).png,cuisine,لحوح,إنجيرا,طبقتا خبز بسطح محمّر بني ذهبي واضح من التلامس مع الصاج، بينما الإنجيرا تبقى شاحبة اللون غير محمّرة لأنها تُطهى مغطاة دون تقليب — التحمير الظاهر ينفي الإنجيرا,ai_suggested,identity
image_155A;image_155B,food_027.png,cuisine,كنافة,حلوى عمانية,قطعة مربعة بقشرة علوية برتقالية ذهبية من عجين شعري وطبقة جبن بيضاء جانبية ظاهرة، بينما الحلوى العمانية عجينة داكنة سوداء/بنية لامعة متجانسة القوام بلا أي خيوط شعرية أو طبقة جبن — اختلاف اللون والقوام كليًا ينفيها,ai_suggested,identity
image_156A;image_156B,food_028(1).png,objects,عاشوراء,إفطار رمضان,الحضور يرتدون ملابس سوداء بالكامل (زي حِداد) ويقفون حول قدور ضخمة يُحرَّك محتواها جماعيًا في الهواء الطلق، بلا أي مائدة إفطار أو زينة احتفالية — زي الحِداد الأسود ينفي سياق إفطار رمضان الاحتفالي,ai_suggested,identity
image_157A;image_157B,food_028.png,cuisine,كبة,سمبوسة,أقراص مستديرة مشوية بعلامات شواء متقاطعة وأخرى بيضاوية مقلية مدببة الطرفين — لا وجود لأي شكل مثلث أو هلالي مطوي يميّز السمبوسة في أي من القطع الظاهرة,ai_suggested,identity
image_158A;image_158B,food_029.jpg,cuisine,حلاوة الجبن,قطايف,صفوف من لفائف أسطوانية ناعمة السطح بأطراف مغطاة بالفستق الأخضر وقمة حمراء، بلا أي حافة مكرمشة أو طية هلالية — غياب الطية المميزة ينفي القطايف,ai_suggested,identity
image_159A;image_159B,food_029.png,cuisine,سردين,UNCERTAIN,لا يوجد في المعجم طبق/مكوّن آخر من نفس الفئة يشبه بصريًا كومة سمك سردين نيء فضي كامل بهذا الشكل (لا طبق مطهو مقارب)، ولا ادعاء ثقافي/تحضيري موثوق يمكنني تأكيد خطئه بثقة دون تخمين — تعذّر المستويان فتُرك غير محسوم,uncertain,uncertain
image_160A;image_160B,food_030(1).png,cuisine,شاورما,لحم مفروم مُشكَّل,الشاورما تُبنى من شرائح لحم متبلة مكدّسة طبقات فوق السيخ العمودي لا من لحم مفروم مطهون مُشكَّل ككتلة واحدة — الادعاء بأنها لحم مفروم خطأ في طريقة التحضير لا يمكن نفيه من مظهر السطح المشوي الخارجي وحده,ai_suggested,attribute
image_161A;image_161B,food_030.png,objects,قفة,تُستخدم تقليديًا لتخزين الملابس,القفة تُستخدم تقليديًا لحفظ ونقل التمر والحبوب والمواد الغذائية الجافة لا الملابس؛ الصورة تُظهر أكوامًا فارغة من القفف المكدّسة بلا أي محتوى ظاهر يكشف الاستخدام الفعلي — ادعاء استخدامها لتخزين الملابس خطأ تقليدي لا يُنفى من مجرد الشكل الفارغ,ai_suggested,attribute
image_162A;image_162B,food_031(1).png,objects,قِدر,برّاد ماء,وعاء أسطواني معدني بلا أي صنبور أو فوهة سفلية للصب، مثبَّت فوق موقد نار مرتجل — غياب الصنبور الذي يميّز برّاد الماء دائمًا ينفيه رغم تشابه الشكل الأسطواني العام,ai_suggested,identity
image_163A;image_163B,food_031.png,cuisine,شيش برك,يُطهى في صلصة طماطم,الصورة تُظهر عجينًا محشوًا مغمورًا في صلصة بيضاء كريمية (لبن) بوضوح، وهذا ينفي مباشرة ادعاء الطهي في صلصة طماطم حمراء — شيش برك يُطهى تقليديًا في صلصة لبن-ثوم لا طماطم,ai_suggested,attribute
image_164A;image_164B,food_032.jpg,cuisine,كشري,مجدرة,الصورة تُظهر معكرونة كوع صفراء وصلصة طماطم حمراء كمكوّنين منفصلين يُضافان صراحة إلى الخلطة — وجودهما الصريح ينفي المجدرة التي تخلو من المعكرونة والصلصة الحمراء تمامًا,ai_suggested,identity
image_165A;image_165B,food_032.png,cuisine,زيت زيتون,زيت مكرر مُعالَج صناعيًا,لون الزيت الأخضر الذهبي الغامق الظاهر في القارورة سمة الزيت البكر غير المكرر، بينما الزيت المكرر صناعيًا شاحب اللون صافٍ — الادعاء بأنه مكرر صناعيًا خطأ في طريقة المعالجة لا يُنفى من مجرد شكل القارورة الخارجي وحده,ai_suggested,attribute
image_166A;image_166B,food_033(1).png,cuisine,منسف,مندي,المنسف يتميّز ببناء الأرز فوق قاعدة من خبز التنّور المغموس بصلصة الجميد، كما تُظهر الصورة بوضوح رغيفًا كبيرًا تحت الأرز، بينما المندي يُقدَّم كومة أرز مباشرة بلا قاعدة خبز مغموسة — القاعدة الخبزية الظاهرة تنفي المندي,ai_suggested,identity
image_167A;image_167B,food_033.png,cuisine,زرب,شية,هيكل معدني من ثلاث طبقات رفوف تحمل دجاجًا متبلًا خامًا لم يُطهَ بعد، بينما الشية تُشوى مباشرة فوق الفحم في صينية ضحلة واحدة لا هيكل رفوف متعدد الطبقات — بنية الرفوف الثلاثية تنفي الشية,ai_suggested,identity
image_168A;image_168B,food_034(1).png,cuisine,كباب,شيش طاووق,أصابع لحم مفروم مصمتة متجانسة القوام بعلامات شواء طولية على الخبز، بلا أي تقطيع لقطع دجاج منفصلة مكعبة — الشيش طاووق يتكون من مكعبات دجاج منفصلة على السيخ، وتجانس اللحم هنا ينفيه,ai_suggested,identity
image_169A;image_169B,food_034.png,cuisine,يخنة,شكشوكة,خليط طماطم كثيف بقطع مرئية بلا أي بياض أو صفار بيضة مطهوة ظاهر فوق السطح — الشكشوكة تتميّز ببيض مطهو ظاهر دائمًا فوق صلصة الطماطم، وغيابه هنا ينفيها,ai_suggested,identity
image_170A;image_170B,food_035.jpg,cuisine,مكدوس,محشي,باذنجانات محفوظة بقشرتها الداكنة الظاهرة ومحشوة بخليط جوز وفلفل أحمر مفروم، بلا أي أرز أو صلصة طماطم دافئة — المحشي طبق مطهو بحشوة أرز في مرق طماطم، وغياب ذلك ينفيه,ai_suggested,identity
image_171A;image_171B,food_035.png,cuisine,فتة حمص,حمص,التغطية المركّبة (لوز محمّص، بصل مقلي مقرمش، وحفرة زيت زيتون مركزية مع بصل أخضر) تطابق تقديم الفتة المتعدد الطبقات المميز، لا التقديم البسيط للحمص العادي (حبوب حمص كاملة وزيت وبابريكا فقط كما في عينة سابقة) — التركيب المُعَد يميّزه عن الحمص السادة,ai_suggested,identity
image_172A;image_172B,food_036.jpg,cuisine,بسطيلة,مزيّنة بالسكر البودرة والقرفة,هذا التقديم مغطى بقشور لوز محمّص وبتلات ورد وبيض سمان، بلا أي أثر لنقشة سكر بودرة وقرفة — الادعاء بوجود التزيين التقليدي بالسكر والقرفة خطأ مؤكد بصريًا هنا رغم شهرته كعلامة تقليدية للبسطيلة,ai_suggested,attribute
image_173A;image_173B,food_036.png,cuisine,مجبوس,كبسة,طبق أرز ولحم غامق اللون في قدر كبير — نفس زوج المجبوس/الكبسة الكلاسيكي؛ التمييز بالتقليد الإقليمي المثبَّت لا بملمح بصري قاطع في هذه الصورة,ai_suggested,identity
image_174A;image_174B,food_037.jpg,cuisine,طاجين,كسكسي,الإناء مخروطي الشكل بغطاء طيني أرجواني مميز يحوي يخنة خضار متكتلة (بطاطا، جزر، فاصولياء) في صلصة، بلا أي حبيبات سميد دقيقة — شكل الطاجين المخروطي وقوام اليخنة الكتلي ينفيان الكسكسي,ai_suggested,identity
image_175A;image_175B,food_037.png,cuisine,منسف,مندي,قاعدة خبز كبيرة واضحة تحت الأرز مغموسة بصلصة جميد بيضاء مغطية اللحم بالكامل — سمتان مميزتان للمنسف تحديدًا، بينما المندي يُقدَّم كومة أرز مباشرة بلا قاعدة خبز ولا صلصة بيضاء مغطية,ai_suggested,identity
image_176A;image_176B,food_038(1).png,cuisine,أقاشي,كباب,قطع لحم منفصلة مكسوة بقشرة بهارات صفراء مقرمشة مثبتة على أسياخ خشبية متعددة منفصلة، لا كتلة لحم مفروم واحدة مشكَّلة — الكباب يُصنع من لحم مفروم مُشكَّل ككتلة، وتفرّق القطع هنا ينفيه,ai_suggested,identity
image_177A;image_177B,food_038.png,cuisine,شيش برك,يُطهى في صلصة طماطم,الصورة تُظهر العجين قبل الطهي (أقراص محشوة مطوية نيئة على صينية مرشوشة بالدقيق) بلا أي صلصة بعد — شيش برك يُطهى تقليديًا في صلصة لبن-ثوم لا طماطم، ولا يمكن نفي نوع الصلصة بصريًا من صورة ما قبل الطهي,ai_suggested,attribute
image_178A;image_178B,food_039(1).png,cuisine,كسرة,تُصنع من دقيق القمح الأبيض حصرًا,الكسرة السودانية تُصنع تقليديًا من دقيق الذرة الرفيعة (الدُخن/الذرة) المخمّر لا القمح الأبيض الخالص؛ رقائق الخبز الشاحبة في الصورة لا تكشف نوع الدقيق بصريًا — فخ معرفي بالمكوّن، وتفادينا هنا مقارنتها بالإنجيرا مباشرة لتشابههما البصري الشديد الموثَّق سابقًا في هذا المشروع (food_081(1).png),ai_suggested,attribute
image_179A;image_179B,food_039.png,cuisine,كنافة,حلوى عمانية,قطعة مستديرة بقشرة علوية برتقالية ذهبية من عجين شعري مقرمش، بينما الحلوى العمانية عجينة داكنة سوداء/بنية لامعة متجانسة القوام بلا أي خيوط عجين شعرية — اختلاف اللون والقوام الكامل ينفيها,ai_suggested,identity
image_180A;image_180B,food_040.jpg,cuisine,تبولة,فتوش,خضراوات مفرومة ناعمًا جدًا (بقدونس أساسًا) مع شرائح ليمون للتزيين، بلا أي قطع خبز محمّص مقرمشة أو مكعبات خضار كبيرة — عنصرا الفتوش المميزان غائبان تمامًا فينفيانه,ai_suggested,identity
image_181A;image_181B,food_040.png,objects,قِدر,برّاد ماء,قدور معدنية كبيرة ذات مقابض جانبية بلا أي صنبور سفلي للصب، يحرّكها رجال بملاعق طويلة — غياب الصنبور الذي يميّز برّاد الماء دائمًا ينفيه رغم تشابه الشكل الأسطواني الكبير,ai_suggested,identity
image_182A;image_182B,food_041.jpg,cuisine,حلاوة الجبن,قطايف,لفائف أسطوانية ناعمة السطح بأطراف مغطاة بالفستق الأخضر وقمة حمراء، بلا أي حافة مكرمشة أو طية هلالية تميّز القطايف — غياب الطية المميزة ينفيها,ai_suggested,identity
image_183A;image_183B,food_041.png,cuisine,كبدة,قطع لحم عضلي من الفخذ,الكبدة عضو داخلي بقوام ناعم متفتت ولون بني محمر داكن مميز يختلف عن قوام لحم الفخذ العضلي الليفي المتماسك — تحديد نوع القطعة (عضو داخلي مقابل لحم عضلي) معرفة تتجاوز مجرد اللون الداكن الظاهر في المقلاة,ai_suggested,attribute
image_184A;image_184B,food_042(1).png,cuisine,ورق عنب,كوسا محشي,الطبق يحوي لفائف ورق عنب وحبات فلفل رومي ملونة محشوة (أحمر وأصفر وأخضر) حول الحافة، بلا أي قرون كوسا خضراء مستطيلة الشكل — غياب الكوسا تحديدًا ينفي كوسا محشي رغم وجود فلفل محشو فعليًا,ai_suggested,identity
image_185A;image_185B,food_042.png,cuisine,حلوى عمانية,كنافة,عجينة داكنة برتقالية-بنية لامعة القوام مغطاة بلوز وفستق وخيوط زعفران، بلا أي خيوط عجين شعرية برتقالية مقرمشة أو طبقة جبن ظاهرة تميّز الكنافة — القوام الجيلاتيني اللامع ينفيها,ai_suggested,identity
image_186A;image_186B,food_043.jpg,cuisine,مناقيش,خبز الصاج,أقراص مغطاة بالكامل بطبقة زعتر داكنة أو جبنة بيضاء ذائبة، بلا أي قرص سادة بلا إضافات — خبز الصاج طبق سادة، والتغطية الظاهرة على كل الأقراص هنا تنفيه,ai_suggested,identity
image_187A;image_187B,food_043.png,cuisine,فتوش,تبولة,قطع خبز محمّص مقرمشة ومكعبات خضار كبيرة (طماطم وخيار وبصل) واضحة بين المكوّنات — التبولة تُفرم ناعمًا جدًا وخالية تمامًا من قطع الخبز، فوجودهما هنا ينفيها,ai_suggested,identity
image_188A;image_188B,food_044(1).png,cuisine,هريس,بازين,قوام العصيدة في الصورة سائل ناعم تمامًا يملأ شكل الوعاء بلا أي كتلة صلبة محتفظة بشكلها — البازين يحتفظ دائمًا بشكل قبّة صلبة ذات قشرة خارجية، وغياب أي شكل مصمت هنا ينفيه,ai_suggested,identity
image_189A;image_189B,food_044.png,cuisine,فلافل,كبة,كرات مستديرة الشكل بقشرة داكنة مرقّطة بالأخضر فوق فراش خس، بينما الكبة بيضاوية مغزلية الشكل (تورپيدو) — الاستدارة الكاملة تنفي شكل الكبة المدبب,ai_suggested,identity
image_190A;image_190B,food_045(1).png,cuisine,كعك أصفر,كبانة,رغيف مستدير بلون أصفر-برتقالي مميز (كركمي) مرقّط بحبة سوداء كثيفة عبر كامل السطح، بينما الكبانة رغيف أصفر ذهبي شاحب بلا هذا التلوّن الكركمي القوي ولا تنقيط الحبة السوداء الكثيف — اختلاف اللون والتنقيط ينفيها,ai_suggested,identity
image_191A;image_191B,food_045.png,cuisine,محشي,كوسا محشي,الطبق يضم خضارًا داكنة مستديرة/بيضاوية محشوة (على الأرجح باذنجان صغير) وفلفلًا أحمر محشوًا، بلا أي قرون كوسا خضراء فاتحة مستطيلة الشكل مميزة — غياب الكوسا تحديدًا ينفي كوسا محشي كهوية دقيقة لهذا الطبق,ai_suggested,identity
image_192A;image_192B,food_046(1).png,cuisine,قطايف,حلاوة الجبن,أقراص عجين مطوية هلاليًا بحافة مكرمشة واضحة ومحشوة بمكسرات مجروشة، بينما حلاوة الجبن تُلف أسطوانيًا ناعمًا بلا أي حافة مكرمشة أو طية — الحافة المطوية المميزة تنفي حلاوة الجبن,ai_suggested,identity
image_193A;image_193B,food_046.png,cuisine,شيش طاووق,كباب,قطع دجاج مكعبة منفصلة واضحة مغطاة بتتبيلة حمراء-برتقالية على الأسياخ، لا كتلة لحم مفروم واحدة مشكَّلة — الكباب يُصنع من لحم مفروم مُشكَّل ككتلة، وتفرّق المكعبات هنا ينفيه,ai_suggested,identity
image_194A;image_194B,food_047.jpg,cuisine,سلطة برغل,كسكسي,حبيبات البرغل الأكبر حجمًا والأكثر خشونة وزاويّة الشكل ظاهرة بوضوح تحت الجبنة المفتتة، بينما حبيبات الكسكسي دقيقة مستديرة وأصغر بكثير — خشونة الحبة هنا تنفي الكسكسي,ai_suggested,identity
image_195A;image_195B,food_047.png,cuisine,منسف,مندي,وعاء منفصل من صلصة الجميد البيضاء الكريمية يُقدَّم بجانب طبق الأرز واللحم — وجود صلصة الجميد المصاحبة سمة تعريفية للمنسف، بينما المندي لا يُقدَّم أبدًا مع هذه الصلصة البيضاء الجانبية,ai_suggested,identity
image_196A;image_196B,food_048(1).png,cuisine,فلافل,كبة,كرات مستديرة الشكل فوق فراش خس مع فجل، بينما الكبة بيضاوية مغزلية الشكل (تورپيدو) — الاستدارة الكاملة تنفي شكل الكبة المدبب,ai_suggested,identity
image_197A;image_197B,food_048.png,cuisine,كبانة,كعك أصفر,رغيف ذهبي بني فاتح اللون بسطح كتل عجين متجمعة (نمط الخبز المتفرق)، بلا أي تلوّن أصفر كركمي أو تنقيط حبة سوداء — كعك أصفر يتميّز بلون كركمي قوي وتنقيط أسود كثيف، وغيابهما هنا ينفيه,ai_suggested,identity
image_198A;image_198B,food_049(1).png,cuisine,ورق عنب,كوسا محشي,الطبق يحوي لفائف ورق عنب وفلفلًا أحمر محشوًا وباذنجانًا صغيرًا داكنًا محشوًا، بلا أي قرون كوسا خضراء فاتحة مستطيلة الشكل مميزة — غياب الكوسا تحديدًا ينفي كوسا محشي رغم وجود محشيات أخرى فعليًا,ai_suggested,identity
image_199A;image_199B,food_049.png,cuisine,فتوش,تبولة,مكعبات خبز محمّص ذهبية بارزة بوضوح بين الخضار المقطعة قطعًا كبيرة نسبيًا — التبولة تُفرم ناعمًا جدًا وخالية تمامًا من قطع الخبز، فوجودها الصريح هنا ينفيها,ai_suggested,identity
image_200A;image_200B,food_050(1).png,cuisine,قلاية بندورة,شكشوكة,خليط طماطم وفلفل مطهو في مقلاة على نار مباشرة بلا أي بياض أو صفار بيضة مطهوة ظاهر فوق السطح — الشكشوكة تتميّز ببيض مطهو ظاهر دائمًا فوق صلصة الطماطم، وغيابه هنا ينفيها,ai_suggested,identity
image_201A;image_201B,food_050.png,cuisine,كباب,شيش طاووق,أصابع لحم مفروم مصمتة متجانسة القوام على الطبق، بلا أي تقطيع لقطع دجاج منفصلة مكعبة — الشيش طاووق يتكون من مكعبات دجاج منفصلة، وتجانس اللحم المفروم هنا ينفيه,ai_suggested,identity
image_202A;image_202B,food_051.jpg,cuisine,مسخن,لحم بعجين,قطع دجاج كاملة (أفخاذ وسيقان) وقطع بصل داكنة مكرملة كبيرة الحجم ظاهرة فوق الخبز، بلا طبقة لحم مفروم ناعمة موزعة حتى الحافة — لحم بعجين طبقة لحم مفروم متجانسة مفروشة بالكامل، وغيابها هنا ينفيه,ai_suggested,identity
image_203A;image_203B,food_051.png,cuisine,شية,زرب,صينية ضحلة واحدة منحنية فوق فحم مباشر تحوي قطع لحم فقط بلا أي خضار أو فواكه خام وبلا هيكل رفوف متعدد الطبقات — الزرب يستخدم رفًا ثلاثي الطبقات مع خضار وفواكه خام، وغياب ذلك هنا ينفيه,ai_suggested,identity
image_204A;image_204B,food_052(1).png,cuisine,فلافل,كبة,كرات مستديرة مغطاة بالسمسم فوق طبق مع طحينة وخبز، بينما الكبة بيضاوية مغزلية الشكل (تورپيدو) — الاستدارة الكاملة تنفي شكل الكبة المدبب,ai_suggested,identity
image_205A;image_205B,food_052.png,cuisine,مجبوس,كبسة,طبق أرز ودجاج مع بيض مسلوق وطماطم ومكسرات — نفس زوج المجبوس/الكبسة الكلاسيكي؛ التمييز بالتقليد الإقليمي المثبَّت لا بملمح بصري قاطع هنا,ai_suggested,identity
image_206A;image_206B,food_053(1).png,cuisine,لحم بعجين,مسخن,ثلاثة أقراص خبز مغطاة بطبقة لحم مفروم ناعمة القوام موزعة حتى الحافة، بلا أي قطع بصل داكنة كبيرة أو قطع دجاج ظاهرة — المسخن يتميّز بقطع بصل مكرمل وقطع دجاج، وغيابهما هنا ينفيه,ai_suggested,identity
image_207A;image_207B,food_053.png,objects,قشر,UNCERTAIN,هوية الـGT نفسها بثقة منخفضة وغير مؤكدة أصلًا في المعجم (غير محدد ما المادة البنية التي تُحمَّص)؛ لا يوجد عنصر مماثل في فئة objects يمكن نفيه بثقة، ولا ادعاء ثقافي/استخدام تقليدي موثوق يمكنني تأكيد خطئه دون بناء تخمين فوق تخمين — تعذّر المستويان معًا,uncertain,uncertain
image_208A;image_208B,food_054(1).png,cuisine,فتة حمص,حمص,تغطية مركّبة من خيوط بصل مقلي مقرمشة كثيفة وحفرة سمن/زيت ذهبية في الوسط تغطي كامل السطح — تركيب متعدد الطبقات يميّز الفتة، لا التقديم البسيط لحمص عادي (حبوب كاملة وزيت وبابريكا فقط),ai_suggested,identity
image_209A;image_209B,food_054.png,cuisine,قطايف,حلاوة الجبن,أقراص عجين مطوية هلاليًا بحافة مكرمشة ظاهرة ومرشوشة بالفستق الأخضر، بينما حلاوة الجبن تُلف أسطوانيًا ناعمًا بلا أي حافة مكرمشة — الحافة المطوية المميزة تنفي حلاوة الجبن,ai_suggested,identity
image_210A;image_210B,food_055(1).png,cuisine,سمبوسة,كبة,أقراص مثلثة الشكل واضحة بأوراق نعناع للتزيين، بينما الكبة بيضاوية مغزلية الشكل (تورپيدو) — الشكل المثلث ينفي شكل الكبة المدبب بصريًا,ai_suggested,identity
image_211A;image_211B,food_055.png,objects,قِدر,برّاد ماء,قِدر نحاسي كبير مفتوح بلا أي صنبور أو فوهة سفلية للصب، يُغرف منه بمغرفة يدوية طويلة — غياب الصنبور الذي يميّز برّاد الماء دائمًا ينفيه رغم تشابه الشكل العام كوعاء كبير,ai_suggested,identity
image_212A;image_212B,food_056(1).png,cuisine,شاورما,لحم مفروم مُشكَّل,اللفافة مقطوعة تُظهر شرائح لحم رفيعة مشرّحة بوضوح داخلها، لا كتلة لحم مفروم متجانسة — الادعاء بأنها لحم مفروم مُشكَّل خطأ مباشر ينفيه ظهور الشرائح المشرّحة نفسها في هذه الصورة تحديدًا,ai_suggested,attribute
image_213A;image_213B,food_056.png,cuisine,طاجين,UNCERTAIN,الإناء مغلق تمامًا بغطائه المخروطي بلا أي طعام ظاهر بداخله، فلا يمكن الاستناد لمحتوى الطبق كما في عينة طاجين سابقة؛ لا يوجد طبق آخر في فئة cuisine يشارك هذا الشكل الإناء المخروطي المميز لبناء فخ هوية مقنع، ولا ادعاء عن مادة الصنع (فخار تقليدي مقابل خزف مزجج) يمكن تأكيد خطئه بثقة إذ كلاهما شائع وأصيل,uncertain,uncertain
image_214A;image_214B,food_057.jpg,cuisine,مكدوس,محشي,باذنجانات محفوظة محشوة بخليط جوز وفلفل أحمر، محاطة بجوز كامل وفلفل حار، بلا أي أرز أو صلصة طماطم دافئة — المحشي طبق مطهو بحشوة أرز في مرق طماطم، وغياب ذلك ينفيه,ai_suggested,identity
image_215A;image_215B,food_057.png,architecture,معصرة زيتون أثرية,حصن طيني,كتل حجرية منحوتة بوضوح مع حجر طاحونة دائري مميز وسط الأطلال، بلا أي جدران من الطين المجفف — حصن طيني يُبنى من الطوب الطيني لا الحجر المنحوت، واختلاف مادة البناء الظاهرة ينفيه,ai_suggested,identity
image_216A;image_216B,food_058(1).png,cuisine,بيض مقلي بالمحياوة,شكشوكة,بيضة مقلية جافة واضحة المعالم (بياض وصفار منفصلان) مع صلصة بنية داكنة رفيعة مصبوبة من قارورة فوقها، بلا أي قطع طماطم أو فلفل مطهوة حولها — الشكشوكة بيض مطهو داخل يخنة طماطم حمراء متكتلة، واختلاف لون وقوام الصلصة هنا ينفيها,ai_suggested,identity
image_217A;image_217B,food_058.png,cuisine,كنافة,حلوى عمانية,قطعة مستديرة بقشرة علوية برتقالية من عجين شعري مقرمش مع قطع فستق بيضاء متناثرة، بينما الحلوى العمانية عجينة داكنة سوداء/بنية لامعة متجانسة القوام — اختلاف اللون والقوام الكامل ينفيها,ai_suggested,identity
image_218A;image_218B,food_059(1).png,cuisine,كشري,مجدرة,معكرونة كوع واضحة وصلصة طماطم حمراء وحمص كمكوّنات منفصلة مرصوصة صراحة — وجودها الصريح ينفي المجدرة التي تخلو من المعكرونة والصلصة الحمراء والحمص تمامًا,ai_suggested,identity
image_219A;image_219B,food_059.png,cuisine,كبسة,مجبوس,أرز فاتح اللون تقريبًا أبيض مع قطع مشمش مجفف وزبيب ولحم مقطّع مكعبات، لا اللون الذهبي الغامق المحمّر المعتاد — التمييز بين الكبسة والمجبوس يعتمد على التقليد الإقليمي المثبَّت أكثر من ملمح بصري قاطع في هذه الصورة تحديدًا,ai_suggested,identity
image_220A;image_220B,food_060(1).png,cuisine,منسف,مندي,أرز أصفر مغطى بقطع لحم ومكسرات في صينية مغلّفة بخبز حول الحافة — القاعدة الخبزية المحيطة سمة تعريفية للمنسف، بينما المندي يُقدَّم كومة أرز مباشرة بلا هذه القاعدة الخبزية الملفوفة,ai_suggested,identity
image_221A;image_221B,food_060.png,cuisine,ملاح الروب,يُقدَّم كمشروب بارد,ملاح الروب صلصة/مرقة تقليدية تُسكب فوق الطعام كما تُظهر الصورة بوضوح (تُصَبّ من مغرفة إلى وعاء)، لا تُقدَّم كمشروب يُشرب باردًا بمفرده — الادعاء بأنها مشروب خطأ في الاستخدام التقليدي رغم أن قوامها السائل قد يوحي بذلك ظاهريًا,ai_suggested,attribute
image_222A;image_222B,food_061.jpg,cuisine,بلاليط,كنافة,شعيرية ذهبية اللون قد تشبه قوام خيوط الكنافة، لكن الكنافة لا تُقدَّم أبدًا مع بيض مخلوط محلّى فوقها كما هنا — وجود البيض ينفي الكنافة,ai_suggested,identity
image_223A;image_223B,food_061.png,cuisine,حبة سوداء,سمسم,بذور صغيرة داكنة اللون (بنية-حمراء إلى سوداء) مستديرة كبيرة الحجم نسبيًا، بينما بذور السمسم مسطحة بيضاوية شاحبة اللون (بيضاء أو بيج فاتح) وأصغر بكثير — اختلاف اللون والشكل الكامل ينفي السمسم,ai_suggested,identity
image_224A;image_224B,food_062(1).png,cuisine,شيش برك,يُطهى في صلصة طماطم,الصورة تُظهر عجينًا محشوًا مغمورًا في صلصة بيضاء كريمية (لبن) بوضوح — شيش برك يُطهى تقليديًا في صلصة لبن-ثوم لا طماطم، واللون الأبيض الظاهر ينفي مباشرة ادعاء صلصة الطماطم الحمراء,ai_suggested,attribute
image_225A;image_225B,food_062.png,cuisine,عصيدة,بازين,قبّة عجين شاحبة اللون بحفرة مركزية واحدة تحوي سائلًا ذهبيًا فقط، مع سطح خارجي نظيف غير مغطى — البازين (كما في هذا المشروع) يُغطّى سطحه بالكامل بمرق/صلصة سميكة، وانحصار السائل هنا في حفرة واحدة فقط ينفي طريقة تقديمه المعروفة,ai_suggested,identity
image_226A;image_226B,food_063(1).png,cuisine,قطايف,حلاوة الجبن,أقراص عجين مطوية هلاليًا بحافة مكرمشة واضحة مغطاة بقطر لامع وفستق، بينما حلاوة الجبن تُلف أسطوانيًا ناعمًا بلا أي حافة مكرمشة أو طية — غياب الطية المميزة ينفيها,ai_suggested,identity
image_227A;image_227B,food_063.png,cuisine,مطبق,محشو بحشوة حلوة من العسل والمكسرات,المطبق يُحشى تقليديًا بخليط مالح من البيض والبصل واللحم/الخضار المفروم لا بحشوة حلوة، والعجينة المطوية المغلقة في الصورة لا تكشف نوع الحشوة الداخلية بصريًا — فخ معرفي بمكوّن الحشوة لا بالمظهر الخارجي,ai_suggested,attribute
image_228A;image_228B,food_064.jpg,cuisine,بلاليط,كنافة,شعيرية ذهبية اللون قد تشبه قوام خيوط الكنافة، لكن الكنافة لا تُقدَّم أبدًا مع بيض مخلوط فوقها كما هنا — وجود البيض ينفي الكنافة,ai_suggested,identity
image_229A;image_229B,food_064.png,cuisine,ورق عنب,محشي,لفائف ورق عنب رفيعة فقط مع شرائح طماطم وبصل كتزيين سطحي، بلا أي قطعة خضار كاملة مجوّفة محشوة — غياب الخضار المحشوة كليًا (الطماطم هنا شرائح تزيين لا حبات محشوة) ينفي محشي العام,ai_suggested,identity
image_230A;image_230B,food_065(1).png,cuisine,لحوح,تُصنع من دقيق الذرة الرفيعة لا القمح,اللحوح اليمني يُصنع تقليديًا من دقيق القمح المخمّر، لا الذرة الرفيعة (الدُخن) كما في الكسرة السودانية؛ سطح الخبز الشاحب الكثيف المسام في الصورة يشبه بصريًا كلا الخبزين فتعذّر التمييز البصري القاطع، فاخترنا فخًا معرفيًا بنوع الدقيق بدل مقارنته المباشرة بالإنجيرا/الكسرة الموثَّقة صعوبتها سابقًا في هذا المشروع,ai_suggested,attribute
image_231A;image_231B,food_065.png,cuisine,رز بلبن,لبن,حبات أرز كاملة ظاهرة معلَّقة في قوام كثيف قابل للغرف، مُقدَّم في كأسين فرديين مع تزيين فستق كحلوى — اللبن مشروب لزج رقيق بلا حبات أرز ظاهرة وبلا تقديم حلوى مزخرف، فوجود الأرز والتقديم الحلو ينفيه,ai_suggested,identity
image_232A;image_232B,food_066.jpg,cuisine,سلطة برغل,فريكة,حبيبات ذهبية-تانية اللون بلا أي تلوّن أخضر مع كشمش أسود، بينما الفريكة قمح أخضر محمّص يحتفظ بتلوّن أخضر مميز حتى بعد الطهي — غياب أي أثر أخضر ينفيها,ai_suggested,identity
image_233A;image_233B,food_066.png,cuisine,ورق عنب,محشي,لفائف ورق عنب رفيعة موحّدة الحجم فقط مع شريحة ليمون للتزيين، بلا أي قطعة خضار كاملة مجوّفة محشوة — غياب الخضار المحشوة كليًا ينفي محشي العام,ai_suggested,identity
image_234A;image_234B,food_067.jpg,cuisine,حلاوة الجبن,قطايف,لفائف صغيرة أسطوانية ناعمة السطح بحشوة كريمية بيضاء، بلا أي حافة مكرمشة أو طية هلالية — القطايف تُطوى دائمًا هلاليًا بحافة مضغوطة ظاهرة، وغيابها هنا ينفيها,ai_suggested,identity
image_235A;image_235B,food_067.png,cuisine,قطايف,حلاوة الجبن,أقراص عجين مطوية هلاليًا بحافة مكرمشة واضحة مرشوشة بالفستق والقرفة، بينما حلاوة الجبن تُلف أسطوانيًا ناعمًا بلا أي طية — غياب اللف الأسطواني الناعم ينفيها,ai_suggested,identity
image_236A;image_236B,food_068(1).png,cuisine,منسف,مندي,قطع لحم مغطاة بطبقة صلصة بيضاء كريمية لزجة (جميد) فوق أرز أصفر، وهذه الصلصة البيضاء المغطية سمة تعريفية للمنسف — المندي لا يُقدَّم أبدًا مغطى بصلصة بيضاء كهذه,ai_suggested,identity
image_237A;image_237B,food_068.png,cuisine,كنافة,حلوى عمانية,قطعة مستديرة بقشرة علوية برتقالية ذهبية من عجين شعري مقرمش مقطعة مثلثات، بينما الحلوى العمانية عجينة داكنة سوداء/بنية لامعة متجانسة القوام — اختلاف اللون والقوام الكامل ينفيها,ai_suggested,identity
image_238A;image_238B,food_069.jpg,cuisine,ورق عنب,محشي,لوح خشبي يُظهر ورقة عنب خامًا محشوة وأخرى فارغة بجانب لفائف رفيعة ملفوفة — وجود الورقة الخام نفسها كمادة اللف يؤكد أنها لفائف ورق عنب لا خضار مجوّفة محشوة، فينفي المحشي العام,ai_suggested,identity
image_239A;image_239B,food_069.png,cuisine,عصيدة بالدجاج,عصيدة,قطع دجاج بلون أصفر واضحة فوق العجينة الشاحبة في القدر — وجود الدجاج الصريح ينفي ادعاء أنها عصيدة سادة بلا دجاج,ai_suggested,identity
image_241A;image_241B,food_070.png,cuisine,برياني,مندي,أرز بلون أحمر-برتقالي زاهٍ مع بهارات كاملة ظاهرة (يانسون نجمي) وبصل مقلي، بينما أرز المندي ذهبي شاحب بلا هذا التلوّن الأحمر القوي أو التوابل الكاملة الظاهرة — اختلاف لون الأرز الصريح ينفي المندي,ai_suggested,identity
image_242A;image_242B,food_071.jpg,cuisine,شيخ المحشي,مكدوس,باذنجانة مشوية دافئة محشوة بلحم مفروم وصنوبر، مغمورة في صلصة طماطم حمراء ساخنة — المكدوس طبق بارد مخلل بحشوة جوز بلا لحم وبلا صلصة طماطم دافئة، واختلاف الحشوة ودرجة الحرارة ينفيه,ai_suggested,identity
image_243A;image_243B,food_071.png,cuisine,فتوش,تبولة,مثلثات خبز محمّص مقرمشة واضحة بين مكعبات خضار كبيرة نسبيًا (طماطم وخيار)، بلا أي فرم ناعم جدًا — التبولة تُفرم ناعمًا جدًا وخالية تمامًا من قطع الخبز، فوجودها الصريح هنا ينفيها,ai_suggested,identity
image_246A;image_246B,food_073.jpg,cuisine,مناقيش,خبز الصاج,قرص مغطى بالكامل بطبقة زعتر وزيتون وخيار وطماطم، بلا أي قرص سادة بلا إضافات — خبز الصاج طبق سادة، والتغطية الظاهرة هنا تنفيه,ai_suggested,identity
image_247A;image_247B,food_073.png,cuisine,عصيدة,بازين,قبّة عجين بحفرة مركزية واحدة تحوي سائلًا ذهبيًا فقط مع سطح خارجي شاحب نظيف غير مغطى — البازين يُغطّى سطحه بالكامل بمرق/صلصة سميكة، وانحصار السائل هنا في حفرة واحدة ينفي طريقة تقديمه المعروفة,ai_suggested,identity
image_248A;image_248B,food_074(1).png,cuisine,ورق عنب,محشي,طبق اللفائف نفسه يحوي لفائف ورق عنب رفيعة فقط بلا أي قطعة خضار كاملة محشوة — سلطة البرغل الظاهرة طبق منفصل على نفس الطاولة لا جزء من طبق المحشي — غياب الخضار المحشوة من طبق اللفائف نفسه ينفي محشي العام,ai_suggested,identity
image_249A;image_249B,food_074.png,cuisine,شاورما,لحم مفروم مُشكَّل,الشاورما تُبنى من شرائح لحم متبلة مكدّسة طبقات فوق السيخ العمودي لا من لحم مفروم مطهون مُشكَّل ككتلة واحدة — الادعاء بأنها لحم مفروم خطأ في طريقة التحضير لا يُنفى بثقة من مقطع اللفافة الملفوفة بإحكام هنا,ai_suggested,attribute
image_250A;image_250B,food_075(1).png,architecture,فسيفساء بيزنطية,من العصر الإسلامي الأموي,الكتابة اليونانية الظاهرة في الأعلى وتصوير وجه بشري وكائنات حيوانية بتفصيل واقعي سمات فنية بيزنطية (رومانية شرقية) مسيحية، تتعارض مع تقاليد الفن الأموي الإسلامي التي تتجنب عادة التصوير التجسيدي المماثل وتستخدم الكتابة العربية — الادعاء بأصل أموي إسلامي خطأ تاريخي/فني,ai_suggested,attribute
image_251A;image_251B,food_075.png,cuisine,شيش برك,يُطهى في صلصة طماطم,الصورة تُظهر عجينًا محشوًا مغمورًا في صلصة بيضاء كريمية (لبن) بوضوح — شيش برك يُطهى تقليديًا في صلصة لبن-ثوم لا طماطم، واللون الأبيض الظاهر ينفي مباشرة ادعاء صلصة الطماطم الحمراء,ai_suggested,attribute
image_252A;image_252B,food_076(1).png,cuisine,كشري,مجدرة,معكرونة ورز مرصوصان بشكل قالب مع حمص حول الحافة وقارورة صلصة طماطم بجانب الطبق — وجود المعكرونة الصريح وقارورة الصلصة الحمراء ينفيان المجدرة الخالية منهما تمامًا,ai_suggested,identity
image_253A;image_253B,food_076.png,cuisine,فريكة,سلطة برغل,حبيبات القمح ذات تلوّن أخضر-أصفر مميز واضح تحت طبقة البصل المقلي — سلطة البرغل حبيبات بنية-تانية اللون بلا أي تلوّن أخضر، فوجود التلوّن الأخضر هنا ينفيها,ai_suggested,identity
image_254A;image_254B,food_077(1).png,cuisine,كنافة,حلوى عمانية,لفائف بقشرة علوية برتقالية ذهبية من عجين شعري مقرمش مع فستق، بينما الحلوى العمانية عجينة داكنة سوداء/بنية لامعة متجانسة القوام بلا أي خيوط شعرية — اختلاف اللون والقوام الكامل ينفيها,ai_suggested,identity
image_255A;image_255B,food_077.png,cuisine,تبولة,فتوش,خضراوات مفرومة ناعمًا جدًا (بقدونس أساسًا) محاطة بأوراق خس وشرائح ليمون، بلا أي قطع خبز محمّص مقرمشة أو مكعبات خضار كبيرة — عنصرا الفتوش المميزان غائبان تمامًا فينفيانه,ai_suggested,identity
image_256A;image_256B,food_078(1).png,cuisine,لحم بعجين,مسخن,طبقة لحم مفروم متجانسة القوام (مع فتات فلفل/طماطم فيها) موزعة حتى الحافة على أقراص بيضاوية صغيرة، بلا أي قطع بصل داكنة كبيرة أو قطع دجاج ظاهرة — غيابهما ينفي المسخن,ai_suggested,identity
image_257A;image_257B,food_078.png,cuisine,مناقيش,خبز الصاج,أقراص متعددة مغطاة بزعتر داكن أو جبنة بيضاء، بالإضافة لقرص كبير مغطى بجبنة ذائبة كاملة — خبز الصاج طبق سادة بلا إضافات، والتغطية الظاهرة على كل الأقراص هنا تنفيه,ai_suggested,identity
image_258A;image_258B,food_079(1).png,cuisine,شاورما,لحم مفروم مُشكَّل,اللفافة مقطوعة نصفين تُظهر قطع لحم/جمبري منفصلة مع خس داخلها، لا كتلة لحم مفروم متجانسة — الادعاء بأنها لحم مفروم مُشكَّل خطأ ينفيه ظهور قطع منفصلة واضحة في المقطع,ai_suggested,attribute
image_259A;image_259B,food_079.png,cuisine,مجدرة,كشري,طبقة أرز أصفر موحّدة مغطاة ببصل مقلي فقط، بلا أي معكرونة أو عدس داكن أو صلصة طماطم حمراء كطبقات منفصلة — الكشري يتكوّن من طبقات مكوّنات متعددة متمايزة، وغيابها هنا ينفيه,ai_suggested,identity
image_260A;image_260B,food_080(1).png,cuisine,ورق عنب,محشي,لفائف ورق عنب داكنة فقط مع دجاج مشوي منفصل ومخلل، بلا أي قطعة خضار كاملة مجوّفة محشوة على نفس الطبق — غياب الخضار المحشوة كليًا ينفي محشي العام,ai_suggested,identity
image_261A;image_261B,food_080.png,cuisine,كبة,سمبوسة,أقراص بيضاوية مدببة الطرفين (تورپيدو) مرصوصة بنمط زهري، بينما السمبوسة مثلثة أو هلالية الشكل — الشكل المغزلي المدبب ينفي السمبوسة بصريًا,ai_suggested,identity
image_262A;image_262B,food_081(1).png,cuisine,إنجيرا,خبز الصاج,قوام إسفنجي بمسام دقيقة موحّدة كثيفة عبر كامل سطح الخبز الملفوف — الإنجيرا تُخمَّر فتكتسب هذا المسام الإسفنجي المميز، بينما خبز الصاج رقيق أملس غير مخمّر بلا أي فقاعات — غياب الملمح الأملس السادة ينفي خبز الصاج,ai_suggested,identity
image_263A;image_263B,food_081.png,cuisine,كبسة,مجبوس,دجاجة كاملة مشوية فوق أرز أحمر-برتقالي — نفس زوج الكبسة/المجبوس الكلاسيكي؛ التمييز بالتقليد الإقليمي المثبَّت لا بملمح بصري قاطع هنا,ai_suggested,identity
image_264A;image_264B,food_082.jpg,cuisine,بسطيلة,مزيّنة بالسكر البودرة والقرفة,هذا التقديم مزيّن بحلقة من الروبيان المشوي وشرائح ليمون وصلصة حارة مركزية، بلا أي أثر لنقشة سكر بودرة وقرفة — الادعاء بوجود التزيين التقليدي بالسكر والقرفة خطأ مؤكد بصريًا هنا,ai_suggested,attribute
image_265A;image_265B,food_082.png,cuisine,مقبلات متنوعة,طبق مشكّل (تبولة، كبة، ورق عنب),الأطباق الظاهرة فعليًا (حمص، بابا غنوج، مخلل، زيتون، لبنة، خبز، معجنات مطوية) لا تضم أيًا من العناصر الثلاثة المحدَّدة لهذا الطبق المشكّل تحديدًا (تبولة أو كبة أو ورق عنب) — غياب الثلاثة معًا ينفيه كهوية دقيقة رغم كونه أيضًا طبقًا مشكّلًا,ai_suggested,identity
image_266A;image_266B,food_083(1).png,cuisine,سمبوسة,كبة,أقراص مثلثة الشكل واضحة، بينما الكبة بيضاوية مغزلية الشكل (تورپيدو) — الشكل المثلث ينفي شكل الكبة المدبب بصريًا,ai_suggested,identity
image_267A;image_267B,food_083.png,architecture,باب,مشربية,مدخل مقنطر مفتوح بأعمدة وجدران ملساء بلا أي شبكة خشبية مزخرفة (مشربية) في أي مكان من الواجهة — المشربية شاشة نوافذ خشبية مشبّكة لا باب مفتوح، وغيابها هنا ينفيها,ai_suggested,identity
image_268A;image_268B,food_084(1).png,objects,حطب,UNCERTAIN,لا يوجد عنصر آخر في فئة objects يشبه بصريًا كومة أعواد خشب جافة متناثرة على الرمل بهذا الشكل، ولا ادعاء استخدام تقليدي موثوق يمكنني تأكيد خطئه بثقة دون افتعال — تعذّر المستويان معًا,uncertain,uncertain
image_269A;image_269B,food_084.png,cuisine,منسف,مندي,اللحم هنا على شكل كرات مفرومة مستديرة (كفتة) لا قطعًا كاملة بعظم أو لحمًا مسحوبًا — المندي يُقدَّم دائمًا بقطع لحم كاملة بعظم أو مسحوبة، ولا يُشكَّل أبدًا ككرات كفتة مستديرة — شكل اللحم هنا ينفيه,ai_suggested,identity
image_270A;image_270B,food_085.jpg,cuisine,لحوح,تُصنع من دقيق الذرة الرفيعة لا القمح,اللحوح اليمني يُصنع تقليديًا من دقيق القمح المخمّر لا الذرة الرفيعة كما في الكسرة السودانية؛ سطح الخبز الشاحب الكثيف المسام يشبه بصريًا خبزًا مجاورًا موثَّق صعوبة تمييزه سابقًا في هذا المشروع، فاخترنا فخًا معرفيًا بنوع الدقيق بدل مقارنة بصرية مباشرة محفوفة بالمخاطر,ai_suggested,attribute
image_271A;image_271B,food_085.png,cuisine,حمص,فتة حمص,قطع لحم مكعبة وصنوبر مبعثرة فوق سطح الحمص مع خبز مقدَّم كقطع غمس جانبية مثبتة على حافة الوعاء لا مطحونة داخل الخلطة — التركيب هنا أقرب لحمص بلحم لا فتة (التي تتطلب خبزًا محمّصًا ممزوجًا داخل الطبق نفسه),ai_suggested,identity
image_272A;image_272B,food_086.jpg,cuisine,حلاوة الجبن,قطايف,لفائف أسطوانية ناعمة السطح بلا أي حافة مكرمشة أو طية، بينما القطايف تُطوى دائمًا هلاليًا بحافة مضغوطة ظاهرة — غياب الطية المميزة ينفي القطايف,ai_suggested,identity
image_273A;image_273B,food_086.png,cuisine,دجاج مقلي,أوزي دجاج,قطع دجاج مقرمشة مقطعة تُقدَّم مع بطاطا مقلية وعلبة بيبسي في صينية قصدير طراز الوجبات السريعة، بلا أي أرز أو دجاجة كاملة — الأوزي طبق دجاج كامل فوق أرز، وغياب الأرز والتقديم الغربي السريع ينفيه,ai_suggested,identity
image_274A;image_274B,food_087(1).png,cuisine,مندي,منسف,أرز أصفر ودجاج مشوي في طبق بيضاوي مباشرة بلا أي قاعدة خبز تحت الأرز وبلا أي صلصة جميد بيضاء مغطية — سمتا المنسف التعريفيتان غائبتان تمامًا فينفيانه,ai_suggested,identity
image_275A;image_275B,food_087.png,cuisine,طبق مشكّل (تبولة، كبة، ورق عنب),حمص,ثلاثة أطباق ظاهرة فقط (كبة، ورق عنب مع مخلل، تبولة)، بلا أي طبق غمس كالحمص بينها — غياب الحمص تحديدًا من هذا التشكيل الثلاثي المحدَّد ينفيه,ai_suggested,identity
image_276A;image_276B,food_088.png,cuisine,كوسا محشي,ورق عنب,قرون كوسا خضراء مجوّفة كاملة بقشرتها الظاهرة، بعضها مقطّع يُظهر حشوة أرز داخلية، مغمورة في صلصة طماطم — قشرة الكوسا الصلبة الظاهرة تنفي لفائف ورق العنب الرفيعة,ai_suggested,identity
image_277A;image_277B,food_089.png,cuisine,قطايف,حلاوة الجبن,أقراص عجين مطوية هلاليًا بحافة مكرمشة واضحة ومحشوة بقطع شوكولاتة، بينما حلاوة الجبن تُلف أسطوانيًا ناعمًا بلا أي حافة مكرمشة — غياب الطية المميزة ينفيها,ai_suggested,identity
image_278A;image_278B,food_090.png,cuisine,كبة,سمبوسة,أقراص بيضاوية مدببة الطرفين، إحداها مفتوحة تُظهر حشوة داكنة، بينما السمبوسة مثلثة أو هلالية الشكل — الشكل المغزلي المدبب ينفي السمبوسة,ai_suggested,identity
image_279A;image_279B,food_091.png,cuisine,قطايف,لحوح,عشرات الأقراص الصغيرة الموحّدة الحجم مكدّسة في كومة كبيرة، بينما اللحوح يُحضَّر ويُقدَّم كقرص واحد كبير للحصة الواحدة — تعدد الأقراص الصغيرة هنا ينفي تقديم اللحوح المعروف,ai_suggested,identity
image_280A;image_280B,food_092.jpg,cuisine,طاجين,كسكسي,الإناء مخروطي الشكل يحوي يخنة دجاج بزيتون وليمون مخلل متكتلة القطع، بلا أي حبيبات سميد دقيقة — شكل الطاجين وقوام اليخنة الكتلي ينفيان الكسكسي,ai_suggested,identity
image_281A;image_281B,food_093.png,cuisine,كشري,مجدرة,معكرونة وحمص وصلصة طماطم مرصوصة صراحة كمكوّنات منفصلة حول القالب — وجودها الصريح ينفي المجدرة الخالية من المعكرونة والصلصة الحمراء والحمص تمامًا,ai_suggested,identity
image_282A;image_282B,food_094.png,cuisine,مجدرة,كشري,قالب أرز وعدس موحّد اللون مغطى ببصل مقلي وكزبرة فقط، بلا أي معكرونة أو صلصة طماطم حمراء أو حمص — الكشري يتكوّن من طبقات متعددة متمايزة، وغيابها هنا ينفيه,ai_suggested,identity
image_283A;image_283B,food_095.jpg,cuisine,طاجين,كسكسي,الإناء الأخضر المخروطي يحوي لحمًا وتمرًا في صلصة حمراء متكتلة القوام تُرفع بملعقة، بلا أي حبيبات سميد دقيقة داخل الطاجين نفسه (وعاء الكسكسي الأصفر في الخلفية طبق منفصل مرافق لا محتوى الطاجين) — قوام محتوى الطاجين نفسه ينفي الكسكسي,ai_suggested,identity
image_284A;image_284B,food_096.png,cuisine,منسف,مندي,قطع لحم بعظم مغطاة بصلصة بيضاء لزجة (جميد) فوق أرز أصفر مع حواف خبز ممزقة ظاهرة حول الطبق — سمتا القاعدة الخبزية والصلصة البيضاء المغطية تعريفيتان للمنسف، والمندي لا يُقدَّم بهما,ai_suggested,identity
image_465,m2cqa_saudi_001.jpg,attire,غطاء الرأس,عمامة,العمامة قطعة زي رجالية حصرًا، بينما الصورة تُظهر امرأة بوضوح (حلق لؤلؤي وقلادة وأسلوب تصفيف أنثوي) ترتدي لفة رأس ناعمة — التعارض بين نوع اللفة الملساء والسياق الأنثوي الواضح ينفي العمامة رغم تشابه أسلوب اللف العام,ai_suggested,identity
image_466,m2cqa_saudi_002.jpg,objects,دف,طبلة أسطوانية صغيرة,الآلات المستخدمة دفوف مسطحة دائرية كبيرة تُحمل عموديًا وتُقرَع بالكف، بينما الطبلة الأسطوانية الصغيرة برميلية الشكل بجلدتين على طرفيها — الشكل المسطح الدائري هنا ينفي الشكل الأسطواني البرميلي,ai_suggested,identity
image_467,m2cqa_saudi_003.jpg,objects,عود,ربابة,جسم الآلة يُظهر تقنية بناء بشرائط خشب متعددة مقوّسة مجمّعة (تقنية صناعة العود المميزة) بشكل كمثرى منتفخ، بينما الربابة عادة أبسط بناءً بقطعة واحدة أو هيكل مختلف — نمط الشرائط الظاهر ينفي الربابة,ai_suggested,identity
image_468,m2cqa_saudi_004.png,objects,برّاد ماء,قِدر,الجهاز يُظهر صنبورًا واضحًا وآلية توزيع أكواب (فارغة/مستخدمة) — القِدر وعاء طبخ بلا صنبور ولا آلية توزيع أكواب، ووجودهما هنا ينفيه,ai_suggested,identity
image_469,m2cqa_saudi_005.jpg,architecture,مشربية,باب,هذه بنية نافذة بارزة مغلقة تمامًا بشبكة خشبية مشبّكة مثبَّتة عاليًا على الجدار بلا أي فتحة للعبور، بينما الباب ممر أرضي قابل للعبور — عدم وجود ممر عبور والارتفاع العالي ينفيان الباب,ai_suggested,identity
image_470,m2cqa_saudi_006.jpg,attire,ثوب,بشت,لا توجد أي طبقة عباءة خارجية مسدولة بأكمام واسعة أو حواف مذهّبة فوق الثوب — البشت عباءة خارجية تُلبس فوق الثوب لا جيبًا عاديًا كالظاهر هنا، وغياب طبقة العباءة كليًا ينفيه,ai_suggested,identity
image_471,m2cqa_saudi_007.jpg,objects,إبريق شاي,دلة,إبريق كروي حديث من الستانلس ستيل بمقبض بسيط وفوهة قصيرة مستقيمة بلا أي نقش أو زخرفة، بينما الدلة العربية التقليدية طويلة مخروطية بفوهة طويلة منحنية ومزخرفة نحاسيًا — التصميم الحديث المصمت ينفي الدلة,ai_suggested,identity
image_472,m2cqa_saudi_008.jpg,cuisine,خبز التنور بالعسل,خبز الصاج,سطح الخبز يُظهر بقعًا داكنة متفحّمة متناثرة مميزة لملامسة جدار التنور الطيني الساخن، بينما خبز الصاج يُطهى على قبّة معدنية ملساء فينتج سطحًا أكثر انتظامًا بلا هذا التبقع المتفحّم — نمط التبقّع الظاهر ينفي خبز الصاج,ai_suggested,identity
image_473,m2cqa_saudi_img0094.jpg,attire,ثوب,جبة تونسية,هذا النمط تحديدًا (فتحة صدر متقاطعة على شكل V بأكمام واسعة مسترخية وتطريز ذهبي هندسي) يطابق بصريًا نمط الجبة التونسية الموثَّق سابقًا في هذا المشروع (صف آخر بنفس الشكل صُحِّح من ثوب إلى جبة تونسية) — لكن هذا الصف تحديدًا راجعه الفريق وأبقاه ثوبًا، فادعاء الجبة هنا فخ موثّق الالتباس تحديدًا,ai_suggested,identity
image_474,m2cqa_saudi_img0103.jpg,cuisine,معمول,أقط,كل قطعة تُظهر نقشًا هندسيًا مضغوطًا واضحًا من القالب الخشبي التقليدي (خطوط متوازية مستقيمة على القمة)، بينما الأقط كرة خشنة السطح بلا أي نقش مضغوط منتظم — النقش الهندسي الواضح ينفي الأقط,ai_suggested,identity
image_475,m2cqa_saudi_img0140.jpg,cuisine,سمبوسة,كبة,أقراص طويلة منحنية بحافة طولية مطوية/مكرمشة واضحة (خط لحام العجين)، بينما الكبة قشرة عجين ملساء مصمتة بلا أي خط لحام أو طية ظاهرة — خط الطية الطولي هنا ينفي الكبة,ai_suggested,identity
image_476,m2cqa_saudi_img0143.jpg,objects,قافلة جمال,UNCERTAIN,لا يوجد عنصر آخر في فئة objects يصلح فخًا لصورة قافلة جمال محمّلة (الجمل المفرد لن يكون خطأً فعليًا بما أن جمالًا فعلًا حاضرة، ما يخالف قاعدة ٣)، ولا ادعاء ثقافي عن الغرض من الرحلة يمكنني تأكيد خطئه دون تخمين سياق الصورة الفعلي,uncertain,uncertain
image_477,m2cqa_saudi_img0180.jpg,cuisine,أوزي دجاج,دجاج مقلي,قطع دجاج محمّرة بالفرن فوق أرز باللحم المفروم والبازلاء على طبق تقديم عادي، بلا أي تغليف ورقي أو علبة قصدير أو مشروب غازي بجانبها — غياب طابع الوجبة السريعة الغربي ينفي دجاج مقلي,ai_suggested,identity
image_478,m2cqa_saudi_img0189.jpg,architecture,حصن طيني,معصرة زيتون أثرية,جدار حصن طيني متكامل قائم بأسنان دفاعية وفتحات نوافذ صغيرة منتظمة، بلا أي حجر طاحونة دائري أو بقايا معصرة ظاهرة — معصرة الزيتون الأثرية يميّزها حجر الطاحونة الدائري، وغيابه هنا ينفيها,ai_suggested,identity
image_479,m2cqa_saudi_img0192.jpg,attire,شماغ,كوفية,النقشة الشطرنجية الظاهرة بلون أحمر وأبيض واضح — الكوفية غالبًا ما تشير تحديدًا للنقشة السوداء والبيضاء، بينما اللون الأحمر هنا سمة الشماغ المميزة — لون النقشة الأحمر ينفي الكوفية,ai_suggested,identity
image_480,m2cqa_saudi_img0200.jpg,attire,عباية,جلابة,لا توجد أي قبعة/غطاء رأس مدبب (قلنسوة) متصل بالعباءة كما تتطلب الجلابة المغربية التقليدية دائمًا؛ القصة هنا مفتوحة من الأمام بلوحة تطريز واحدة عمودية لا نمط الجلابة الموحّد — غياب القلنسوة ينفي الجلابة,ai_suggested,identity
image_481,m2cqa_saudi_img0201.jpg,cuisine,سمبوسة,كبة,أقراص مثلثة الشكل واضحة مقطوعة تُظهر حشوة لحم مفروم متكتلة، بينما الكبة بيضاوية مغزلية الشكل (تورپيدو) بلا زوايا حادة — الشكل المثلث الحاد الزوايا ينفي الكبة,ai_suggested,identity
image_483,m2cqa_saudi_img0235.jpg,cuisine,هريس,بازين,قوام العصيدة ناعم سائل يملأ شكل الوعاء تمامًا بلا أي كتلة صلبة محتفظة بشكلها المستقل — البازين يحتفظ دائمًا بشكل قبّة صلبة ذات قشرة خارجية، وغياب أي شكل مصمت هنا ينفيه,ai_suggested,identity
image_484,m2cqa_saudi_img0241.jpg,objects,صناعة الفخار,UNCERTAIN,لا يوجد عنصر آخر في فئة objects يشبه بصريًا يدين تشكّلان طينًا على عجلة فخار بهذا الشكل، ولا ادعاء موثوق عن نوع أداة التشغيل (يدوية/كهربائية) يمكن تأكيده من مجرد لقطة اليدين المقرّبة,uncertain,uncertain
image_486,m2cqa_saudi_img0261.jpg,architecture,برج الساعة,أثري من العصر العثماني المبكر,التصميم النظيف المذهّب بالكامل والتنفيذ الدقيق للأرقام الرومانية والزخرفة الهندسية يعكس بناءً حديثًا (القرن الحادي والعشرين) لا أثرًا عثمانيًا مبكرًا، رغم أن الطراز الزخرفي الإسلامي قد يوحي بذلك للوهلة الأولى من مجرد وجه الساعة نفسه,ai_suggested,attribute
image_487,m2cqa_saudi_img0268.jpg,attire,عباية,جلابة,لا توجد أي قبعة/قلنسوة مدببة متصلة بالعباءتين كما تتطلب الجلابة المغربية دائمًا؛ القصة هنا مفتوحة عصرية بأزرار وتطريز خطي لا نمط الجلابة الموحّد الفضفاض — غياب القلنسوة ينفي الجلابة,ai_suggested,identity
image_488,m2cqa_saudi_img0272.jpg,objects,جمل,قافلة جمال,لا تحمل أي من الجمال الظاهرة أحمالًا أو سلالًا أو بضائع، والمشهد ثابت (رجل يمسك وجه جمل واحد بهدوء) لا صف جمال يسير محمّلًا في رحلة تجارية — غياب الحمولة والحركة الجماعية ينفي القافلة,ai_suggested,identity
image_489,m2cqa_saudi_img0286.jpg,cuisine,لبن,رز بلبن,سائل رقيق يُقدَّم في أكواب زجاجية مع رشة أعشاب مجففة وأوراق ريحان طازجة، بلا أي حبات أرز ظاهرة أو قوام كثيف قابل للغرف — رز بلبن حلوى بقوام سميك وحبات أرز مرئية، وغيابها هنا ينفيه,ai_suggested,identity
image_490,m2cqa_saudi_img0299.jpg,attire,ثوب,بشت,لا توجد أي طبقة عباءة خارجية مسدولة بأكمام واسعة أو حواف مذهّبة فوق الثوب البسيط ذي الياقة المطرزة — البشت عباءة خارجية تُلبس فوق الثوب، وغياب طبقة العباءة كليًا ينفيه,ai_suggested,identity
image_492,m2cqa_saudi_img0306.png,attire,عباية,جلابة,لا توجد أي قلنسوة مدببة متصلة بالعباءة كما تتطلب الجلابة المغربية التقليدية دائمًا؛ القماش الأسود الانسيابي غير مزخرف بنمط الجلابة المعتاد — غياب القلنسوة ينفي الجلابة,ai_suggested,identity
image_493,m2cqa_saudi_img0317.jpg,objects,عائلة عربية,UNCERTAIN,البديل الوحيد القريب في المعجم (عائلة سورية) تسمية ديموغرافية فرعية من نفس الفئة العامة (عائلة عربية) لا يمكن نفيها بثقة إذ لا تناقض حقيقي بينهما، وهذا يخالف قاعدة ٣ مباشرة — لا بديل مقنع آخر متاح,uncertain,uncertain
image_494,m2cqa_saudi_img0321.jpg,architecture,مشربية,باب,هذا تصوير علوي لشارع ضيق يُظهر واجهات مباني بنوافذ مشربية بارزة متعددة، بلا أي ممر أرضي أو مدخل قابل للعبور ظاهر في الإطار — غياب أي باب أرضي ينفيه,ai_suggested,identity
image_495,m2cqa_saudi_img0375.jpg,objects,دلة,إبريق شاي,الأواني تُظهر فوهات طويلة رفيعة منحنية بشدة وأغطية مدببة عالية بنقش نحاسي بارز — إبريق الشاي الحديث فوهته قصيرة مستقيمة وغطاؤه مستدير بسيط، والفوهة الطويلة المنحنية هنا تنفيه,ai_suggested,identity
image_496,m2cqa_saudi_img0391.jpg,attire,زي طيار,UNCERTAIN,لا توجد قطعة زي تقليدي عربي واحدة في المعجم قريبة بما يكفي لتشكّل فخًا مقنعًا مقابل زي طيران غربي رسمي حديث بهذا الوضوح (بدلة كحلية، ربطة عنق، قبعة بشارات) — الفرق شاسع جدًا ليكون اختبارًا حقيقيًا لهلوسة الثقة,uncertain,uncertain
image_497,m2cqa_saudi_img0394.jpg,attire,الثوب الفلسطيني المطرز,جلابة,تطريز تراثي كثيف بالتصليب (تطريز فلسطيني) يغطي كامل الصدر والأكمام بنمط هندسي متكرر كثيف، بينما الجلابة المغربية عادة بتطريز أبسط أو حواف مزخرفة فقط لا تغطية شاملة كهذه — كثافة التطريز وتغطيته الكاملة ينفيان الجلابة,ai_suggested,identity
image_498,m2cqa_saudi_img0395.jpg,cuisine,سليق,رز بلبن,طبق أرز مهروس أبيض مالح يعلوه فخذ دجاج محمّر كامل، بلا أي تقديم حلو أو مكسرات أو قرفة — رز بلبن حلوى تُقدَّم بلا لحم أبدًا، ووجود الدجاج المشوي الصريح هنا ينفيه,ai_suggested,identity
image_500,m2cqa_saudi_img0421.jpg,objects,خيمة صحراوية,مصنوعة من شعر الماعز المنسوج تقليديًا,الخيام البدوية التقليدية تُنسج من شعر الماعز الأسود، بينما هذه خيمة قماشية حديثة بلون بيج فاتح بسحّاب وأثاث تخييم فاخر (سرير، كراسي استرخاء) — طراز الخيمة الحديث ظاهر بصريًا لكن مادة النسيج تحديدًا (قماش صناعي لا شعر ماعز) فخ معرفي بالمادة,ai_suggested,attribute
image_501,m2cqa_saudi_img0424.jpg,attire,الثوب الفلسطيني المطرز,جلابة,تطريز تراثي كثيف بالتصليب يغطي الصدر بنمط هندسي مثلثي كثيف الألوان، بينما الجلابة المغربية عادة بتطريز أبسط أو حواف مزخرفة فقط — كثافة التطريز وتغطيته الشاملة تنفيان الجلابة,ai_suggested,identity
image_502,m2cqa_saudi_img0481.jpg,attire,نقاب,غطاء الرأس,التغطية تمتد فوق الأنف والفم ولا يظهر سوى العينين، بينما غطاء الرأس يغطي الشعر والرقبة فقط ويترك الوجه كاملًا ظاهرًا — تغطية الوجه هنا تنفي غطاء الرأس,ai_suggested,identity
image_505,002.jpg,attire,رجل عُماني,رجل سعودي,لا يوجد أي غطاء رأس مدلّى (غترة) أو حلقة عقال سوداء — الرأس مغطى بقلنسوة عُمانية (كمّة) قصيرة مطرزة مثبتة، بينما زي الرجل السعودي يشمل دائمًا الغترة المسدولة والعقال — غياب الغترة والعقال ينفيه,ai_suggested,identity
image_506,005.jpg,attire,رجل عُماني,رجل إماراتي,شرابة معلّقة (فرّوخة) واضحة متدلية من ياقة الثوب، وهي سمة تصميمية عُمانية مميزة — الكندورة الإماراتية عادة بياقة بسيطة بلا هذه الشرابة المتدلية، فوجودها هنا ينفيها,ai_suggested,identity
image_507,013.jpg,attire,رجل يمني,رجل عُماني,غطاء الرأس هنا غترة مسطحة مسدولة بعقال أسود، بلا أي قلنسوة (كمّة) أو عمامة عُمانية ملفوفة برأس مدبب — الزي العُماني يتميز بالكمّة أو المصر الملفوف، وغياب كليهما هنا ينفيه,ai_suggested,identity
image_508,016.jpg,attire,رجل سعودي,رجل يمني,غطاء الرأس غترة بيضاء مسطحة مسدولة بعقال أسود واضح، بلا أي لفة عمامة يمنية ملتفة حول الرأس — الزي اليمني التقليدي غالبًا عمامة ملفوفة لا غترة مسدولة بعقال بهذا الشكل الخليجي، فينفيه,ai_suggested,identity
image_509,022.jpg,attire,رجل عُماني,رجل سعودي,لا يوجد أي غترة مسدولة أو عقال أسود — الرأس مغطى بقلنسوة (كمّة) عُمانية برونزية مطرزة مثبتة، وغياب الغترة والعقال اللذين يميّزان الزي السعودي دائمًا ينفيه,ai_suggested,identity
image_510,024.jpg,attire,رجل عُماني,رجل سعودي,لا يوجد أي غترة مسدولة أو عقال أسود — الرأس مغطى بقلنسوة (كمّة) داكنة مطرزة بنقش هندسي مثبتة، وغياب الغترة والعقال ينفي الزي السعودي,ai_suggested,identity
image_511,035.jpg,attire,رجل يمني,رجل سعودي,خنجر جنبية منحنٍ ظاهر مثبت في حزام منسوج مزخرف عند الخصر — الجنبية إكسسوار يمني (وعُماني) مميز، وليس جزءًا معتادًا من الزي السعودي اليومي، فوجوده هنا ينفيه,ai_suggested,identity
image_512,081.jpg,attire,رجل إماراتي,رجل يمني,غطاء الرأس غترة بيضاء كاملة مسدولة بطيات متدلية خلف الكتفين مع عقال أسود، بلا أي لفة عمامة ملتفة حول الرأس — الزي اليمني التقليدي عادة عمامة ملفوفة لا غترة مسدولة بهذا الشكل، فينفيه,ai_suggested,identity
image_513,125.jpg,attire,رجل يمني,رجل سعودي,لا يوجد أي غترة مسدولة أو عقال أسود — الرأس مغطى بقلنسوة (كمّة) بيج مطرزة بنقش هندسي مثبتة، وغياب الغترة والعقال اللذين يميّزان الزي السعودي دائمًا ينفيه,ai_suggested,identity
image_514,160.jpg,attire,زي عربي تقليدي,جلابة,تطريز تراثي كثيف بالتصليب يغطي الصدر بنمط هندسي كثيف الألوان (أحمر وذهبي على أسود)، بينما الجلابة المغربية عادة بتطريز أبسط أو حواف مزخرفة فقط لا تغطية شاملة كهذه — كثافة التطريز الصدري تنفي الجلابة,ai_suggested,identity
image_515,image (1).jpg,cuisine,بلح أخضر,جاهزة للأكل بحلاوتها الكاملة في هذه المرحلة,البلح الأخضر غير الناضج قابض المذاق وغير صالح للاستمتاع بحلاوته في هذه المرحلة؛ يحتاج مراحل نضج لاحقة (خلال، رطب، تمر) ليصل لحلاوته المعروفة — الادعاء بجاهزيته الآن خطأ في معرفة مراحل نضج التمر لا يُنفى بمجرد اللون الأخضر للناظر غير المتخصص,ai_suggested,attribute
image_516,image (2).jpg,objects,توك توك,UNCERTAIN,لا توجد مركبة أو عنصر آخر في فئة objects قريب بما يكفي ليكون فخًا مقنعًا مقابل توك توك بهذا الوضوح، ولا ادعاء ثقافي عن طريقة استخدامه يمكن تأكيد خطئه دون افتراض سياق غير ظاهر في الصورة,uncertain,uncertain
image_517,image (3).jpg,architecture,قناة مياه,UNCERTAIN,لا يوجد عنصر آخر في فئة architecture يشبه بصريًا قناة مياه حجرية ممتدة عبر مسار جبلي، ولا ادعاء موثوق عن عمر/أصل القناة (حديثة/أثرية) يمكن تأكيده بثقة إذ الصيانة الجيدة الظاهرة لا تنفي قدمها فعليًا,uncertain,uncertain
image_519,image (5).jpg,objects,العيالة,العرضة,الرجال يمسكون عصيًا رفيعة مستقيمة بلون بني فاتح ممدودة أفقيًا، بلا أي شفرة معدنية منحنية لامعة — العرضة تُؤدى بسيوف حقيقية، وغياب أي نصل معدني هنا ينفيها (هذا التمايز موثَّق صراحة في وصف caption_base لهذا الصف: العيالة بعصا لا سيف),ai_suggested,identity
image_520,image (6).jpg,cuisine,حلوى عمانية,كنافة,عجينة داكنة لامعة القوام موحّدة اللون في وعاء زجاجي مغطاة بشرائح لوز وفستق وقطعة جوز، بلا أي خيوط عجين شعرية برتقالية أو طبقة جبن — غياب ملمح الكنافة المميز ينفيها,ai_suggested,identity
image_521,image (7).jpg,architecture,عصر الأركان التقليدي,معصرة زيتون أثرية,نساء يطحن حبّ الأركان يدويًا بأدوات حجرية صغيرة محمولة في مشهد حرفي حي معاصر (سياح ظاهرون، سلال منسوجة وسجاد)، بلا أي بقايا أثرية أو حجر طاحونة ثابت كبير — الطابع المحمول والمعاصر ينفي معصرة الزيتون الأثرية,ai_suggested,identity
image_522,image (8).jpg,cuisine,معمول,UNCERTAIN,لا يوجد طبق آخر في المعجم يصف مشهد تحضير مماثل (ضغط عجين بالكف على شكل أقراص مضلّعة قبل الحشو) يمكن استخدامه كفخ هوية مقنع، ولا صفة ثقافية بديلة واضحة قابلة للنفي بثقة من هذا المشهد الجماعي,uncertain,uncertain
image_523,image (9).jpg,cuisine,كبانة,كعك أصفر,أرغفة بنية ذهبية عادية اللون بلا أي تلوّن أصفر كركمي أو تنقيط حبة سوداء كثيف على السطح — كعك أصفر يتميز بلون كركمي قوي وتنقيط أسود واضح، وغيابهما هنا ينفيه,ai_suggested,identity
image_524,image (10).jpg,cuisine,كنافة,حلوى عمانية,قطعة مثلثة بقشرة علوية برتقالية-حمراء من عجين شعري مع طبقة جبن قابلة للتمدد ظاهرة عند القاعدة، بينما الحلوى العمانية عجينة داكنة سوداء لامعة متجانسة بلا أي خيوط شعرية أو جبن — اختلاف اللون والقوام الكامل ينفيها,ai_suggested,identity
image_525,image (11).jpg,cuisine,سمسم,حبة سوداء,البذور المغطية للمخبوزات هنا ذهبية-تانية اللون مسطحة بيضاوية صغيرة، بينما حبة البركة (الحبة السوداء) داكنة مستديرة الشكل — اختلاف اللون الذهبي الفاتح هنا ينفي حبة سوداء,ai_suggested,identity
image_526,image (12).jpg,cuisine,شكشوكة,بيض مقلي بالمحياوة,خمس بيضات مطهوة مباشرة داخل يخنة طماطم-فلفل متكتلة القطع في مقلاة واحدة، بلا أي قارورة صلصة داكنة تُصَبّ من الخارج على بيضة مقلية جافة مفردة — تعدد البيض وطهيه داخل الصلصة ينفي بيض مقلي بالمحياوة,ai_suggested,identity
image_527,image (13).jpg,cuisine,منسف,UNCERTAIN,هذه لقطة أثناء تجميع الطبق (لحم يُنقل بالملعقة من قدر إلى صينية أرز) قبل ظهور أي علامة تعريفية نهائية (قاعدة خبز، صلصة جميد بيضاء، مكسرات) — لا يمكن بناء فخ هوية مقنع أو صفة ثقافية موثوقة من مرحلة تحضير غير مكتملة كهذه,uncertain,uncertain
image_528,image (14).jpg,cuisine,منسف,مندي,طبقة سميكة مزدوجة من الصنوبر واللوز تغطي الأرز بكثافة، وهذا التقديم السخي بالمكسرات المزدوجة سمة مميزة للمنسف — المندي يُقدَّم عادة برشة مكسرات خفيفة متفرقة لا هذا التكديس السخي,ai_suggested,identity
image_529,image (15).jpg,cuisine,فلافل,كبة,كرات مستديرة الشكل بقشرة داكنة مقرمشة فوق طبق مع حمص وسلطة، بينما الكبة بيضاوية مغزلية الشكل (تورپيدو) — الاستدارة الكاملة تنفي شكل الكبة المدبب,ai_suggested,identity
image_530,image (16).jpg,cuisine,تميس,خبز الصاج,أرغفة سميكة كبيرة بتبقيع داكن متفحّم واضح تُسحب من رف/فرن، بينما خبز الصاج رقيق يُطهى بسرعة على قبّة معدنية محدّبة فينتج سطحًا أقل سماكة وأقل تفحّمًا — سماكة الرغيف والتبقيع الكثيف ينفيان خبز الصاج,ai_suggested,identity
image_531,image (17).jpg,cuisine,شاي عربي,قهوة عربية,يُقدَّم في أكواب زجاجية طويلة بلون أحمر-كهرماني داكن، بينما القهوة العربية تقليديًا فاتحة اللون (ذهبية) بالهيل والزعفران وتُقدَّم في فناجين صغيرة بلا مقبض — شكل الكأس ولون السائل الداكن ينفيان القهوة العربية,ai_suggested,identity
image_532,image (18).jpg,attire,كوفية,شماغ,النقشة الشطرنجية بلون أسود وأبيض واضح، بينما الشماغ يشير غالبًا تحديدًا للنقشة الحمراء والبيضاء — اللون الأسود هنا ينفي الشماغ,ai_suggested,identity
image_533,image (19).jpg,cuisine,صفيحة لحم,لحم بعجين,الحشوة هنا تحوي حبات صنوبر كاملة ظاهرة وقطع طماطم/فلفل مفرومة متكتلة، بينما لحم بعجين في هذا المشروع (كما في عينات سابقة) طبقة لحم مفروم ناعمة القوام بلا أي حبات صنوبر ظاهرة — وجود الصنوبر الصريح ينفيه,ai_suggested,identity
image_534,image (20).jpg,objects,زينة رمضان,إفطار رمضان,المشهد يُظهر أضواء نجمية معلَّقة عبر الشارع ليلًا بلا أي أشخاص يتناولون الطعام أو مائدة إفطار ظاهرة — إفطار رمضان يتطلب مشهد وجبة وأشخاصًا يأكلون، وغياب ذلك كليًا هنا ينفيه,ai_suggested,identity
image_535,image (21).jpg,objects,إفطار رمضان,زينة رمضان,مجموعة كبيرة من الرجال يجلسون على الأرض ويتناولون الطعام من أوعية مشتركة، بلا أي أضواء أو زينة نجمية معلَّقة ظاهرة في الإطار — زينة رمضان عناصر إضاءة وتزيين معلَّقة فقط، وغياب أي زينة هنا ينفيها,ai_suggested,identity
image_536,image (22).jpg,cuisine,مفطح,UNCERTAIN,هوية الـGT نفسها بثقة منخفضة وغير مؤكدة لغويًا أصلًا في المعجم؛ الطبق (ذبيحة كاملة على أرز) يتشابه بصريًا بشدة مع عدة أطباق أخرى مثبتة في المعجم (مندي، أوزي دجاج، زرب) لدرجة يصعب معها بناء فخ واثق فوق هوية أصلًا غير مؤكدة دون مضاعفة الخطأ,uncertain,uncertain
image_537,image (23).jpg,architecture,آثار قديمة,معصرة زيتون أثرية,أطلال تضم قواعد أعمدة حجرية وتماثيل أسود/أبي الهول على قواعد، بلا أي حجر طاحونة دائري أو ملامح معصرة ظاهرة — معصرة الزيتون الأثرية يميّزها حجر الطاحونة الدائري تحديدًا، وغيابه هنا ينفيها,ai_suggested,identity
image_538,image (24).jpg,objects,تحية الأنف التقليدية,شائعة بالتساوي في جميع أنحاء العالم العربي,تحية ملامسة الأنوف عادة خليجية (إماراتية/عُمانية خصوصًا) لا تُمارَس بنفس الشكل أو الانتشار في كل أنحاء العالم العربي (المشرق مثلًا يعتمد قبلات الخد لا ملامسة الأنف) — الادعاء بانتشارها المتساوي خطأ في نطاقها الثقافي الفعلي لا يظهر من مجرد مشاهدة الإيماءة نفسها,ai_suggested,attribute
image_539,image (25).jpg,objects,مزمار,دف,يدا الرجل تغطيان ثقوب أصابع على أنبوب خشبي رفيع ملامس لفمه (آلة نفخ)، بلا أي سطح دف أو إطار دائري في يديه — الدف آلة قرع تُمسك وتُضرب بسطح جلدي مشدود، وغياب أي سطح كهذا ينفيه,ai_suggested,identity
image_540,image (26).jpg,objects,فرقة موسيقية تقليدية,عاشوراء,الرجال يرتدون أثوابًا بيضاء احتفالية ومصر ملونة ويعزفون آلات موسيقية (دفوف ومزمار) في مشهد أداء بهيج، بلا أي زي حِداد أسود أو قدور طهي جماعي — عاشوراء تتطلب سياق حِداد أسود لا أداء موسيقي احتفالي، فينفيها,ai_suggested,identity
image_541,image (27).jpg,objects,عود,ربابة,جسم الآلة كمثري منتفخ بوردة صوت منحوتة مزخرفة وعدة أزواج أوتار متعددة على رقبة بلا دساتين، بينما الربابة أبسط بناءً وعادة بعدد أقل من الأوتار — تعدد الأوتار والوردة المنحوتة ينفيان الربابة,ai_suggested,identity
image_542,image (28).jpg,objects,طبلة أسطوانية صغيرة,دف,جسم برميلي مصمت مغلق بجلدتين على طرفيه مربوطتين بحبال شد متقاطعة حول الجسم، بينما الدف إطار مسطح رفيع مفتوح بجلدة واحدة فقط بلا أي جسم أسطواني — الشكل البرميلي المغلق ينفي الدف,ai_suggested,identity
image_543,image (29).jpg,objects,دف,طبلة أسطوانية صغيرة,رسم توضيحي لإطار دائري مسطح مفتوح الوسط برقائق صنوج معدنية حول الحافة، بلا أي جسم أسطواني مصمت مغلق بجلدتين — الطبلة الأسطوانية جسم برميلي مغلق ذو جلدتين، وشكل الإطار المسطح المفتوح هنا ينفيها,ai_suggested,identity
image_544,image (30).jpg,objects,دف,طبلة أسطوانية صغيرة,إطار دائري مسطح رفيع بجلدة واحدة ظاهرة يحمله الرجل مرفوعًا، بلا أي جسم أسطواني عميق مغلق من الجانبين — الطبلة الأسطوانية جسم برميلي بجلدتين، وسطحية الإطار هنا تنفيها,ai_suggested,identity
image_545,image (31).jpg,objects,دف,طبلة أسطوانية صغيرة,إطار دائري ضحل العمق بجلدة واحدة مشدودة عليها وتران متقاطعان، بلا أي عمق أسطواني بجلدتين على طرفين متقابلين — ضحالة الإطار تنفي الطبلة الأسطوانية ذات الجسم البرميلي العميق,ai_suggested,identity
image_546,image (32).jpg,objects,عود,ربابة,جسم كمثري منتفخ بوردة صوت مثلثة منحوتة ورقبة مثنية للخلف وأوتار متعددة، بينما الربابة أبسط بناءً بجسم مسطح غالبًا وعدد أوتار أقل — الجسم المنتفخ والوردة المنحوتة ينفيان الربابة,ai_suggested,identity
image_547,image (33).jpg,objects,ربابة,عود,جسم مسطح مستطيل/شبه منحرف مغطى بجلد مشدود مع رقبة خشبية بسيطة مستقيمة وقوس عزف منفصل، بلا أي جسم كمثري منتفخ أو وردة صوت منحوتة — العود يُعزف بالقرص لا بالقوس وله جسم منتفخ، فينفيه الشكل المسطح والقوس الظاهر هنا,ai_suggested,identity
image_548,image (34).jpg,objects,طبلة أسطوانية صغيرة,دف,جسم برميلي مصمت عليه كتابة محفورة (KASAI) وحبال شد ملتفة حول الجلدة، بلا أي إطار مسطح مفتوح رفيع — الدف إطار مسطح رفيع بجلدة واحدة فقط، والعمق البرميلي المصمت هنا ينفيه,ai_suggested,identity
image_549,image (35).jpg,objects,عود,ربابة,جسم كمثري منتفخ بمفاتيح ضبط متعددة على رأس مثني ووردة صوت منحوتة، بينما الربابة أبسط بجسم مسطح وعدد أوتار أقل بكثير — تعدد المفاتيح والجسم المنتفخ ينفيان الربابة,ai_suggested,identity
image_550,image.jpg,objects,الصقارة,UNCERTAIN,لا يوجد عنصر آخر في فئة objects يشبه بصريًا صقرًا معصوب العينين على منصة قفاز، ولا ادعاء موثوق عن كون الصقر مروَّضًا للصيد أو للعرض فقط يمكن تأكيده من صورة عرض داخلي ثابتة كهذه,uncertain,uncertain
image_551,pearlx_abaya_001.jpg,attire,عباية,جلابة,لا توجد أي قلنسوة مدببة متصلة بالعباءة السوداء البسيطة كما تتطلب الجلابة المغربية التقليدية دائمًا؛ القصة انسيابية بأكمام واسعة مطرزة الحواف لا نمط الجلابة الموحّد — غياب القلنسوة ينفي الجلابة,ai_suggested,identity
image_552,pearlx_abaya_002.jpg,attire,عباية,الثوب الفلسطيني المطرز,الزي هنا طبقات منفصلة واضحة (عباءة مفتوحة كالسترة فوق بنطال وأعلى أسود منفصلين)، بينما الثوب الفلسطيني ثوب واحد متكامل غير مقسَّم لطبقات وقطع منفصلة — التركيب الطبقي المفصول هنا ينفي الثوب الفلسطيني رغم تشابه نقشة التطريز الأحمر,ai_suggested,identity
image_553,pearlx_abaya_003.jpg,attire,عباية,جلابة,لا توجد أي قلنسوة مدببة متصلة بالعباءتين السوداوين المسدولتين كما تتطلب الجلابة المغربية دائمًا؛ القماش أسود موحّد بلا زخرفة الجلابة المعتادة — غياب القلنسوة ينفي الجلابة,ai_suggested,identity
image_554,pearlx_abaya_004.jpg,attire,عباية,جلابة,لا توجد أي قلنسوة مدببة متصلة بالعباءة كما تتطلب الجلابة المغربية دائمًا؛ الحواف مطرزة بخيوط بيج هندسية على قصة سترة مفتوحة، لا نمط الجلابة الموحّد المغلق — غياب القلنسوة ينفي الجلابة,ai_suggested,identity
image_555,pearlx_abaya_005.jpg,attire,عباية,جلابة,القماش الأسود يُسدَل بانسيابية ناعمة فوق الرأس بشكل حرف V بلا أي بروز مخروطي مدبب — الجلابة المغربية تتميز بقلنسوة مجسَّمة مدببة الشكل، وغياب أي بروز هرمي هنا ينفيها رغم اقتراب الإطار من منطقة الرأس,ai_suggested,identity
image_556,pearlx_arabic_coffee_001.jpg,cuisine,قهوة عربية,شاي عربي,تُسكب من دلة معدنية إلى أكواب صغيرة معتمة بلا مقبض، بينما الشاي العربي يُقدَّم تقليديًا في أكواب زجاجية طويلة شفافة تُظهر لون السائل — غياب الكأس الزجاجي الشفاف ينفي الشاي,ai_suggested,identity
image_557,pearlx_arabic_coffee_002.jpg,cuisine,قهوة عربية,شاي عربي,تُسكب من دلة ذهبية إلى فنجان صغير أبيض بلا مقبض بحافة مزخرفة، بلا أي كأس زجاجي شفاف — الشاي العربي يُقدَّم في أكواب زجاجية طويلة تُظهر لون السائل، وغياب ذلك هنا ينفيه,ai_suggested,identity
image_558,pearlx_arabic_coffee_003.jpg,cuisine,قهوة عربية,يُحلّى دائمًا بكمية كبيرة من السكر,القهوة العربية تُقدَّم تقليديًا بلا سكر إطلاقًا، وتُعوَّض الحلاوة بتناول حبات التمر المرافقة كما يظهر في الصورة تحديدًا — الادعاء بتحليتها دائمًا بسكر كبير خطأ ثقافي في عادة التقديم لا يُنفى من مجرد لون السائل في الفنجان,ai_suggested,attribute
image_559,pearlx_arabic_coffee_004.jpg,cuisine,قهوة عربية,يُحلّى دائمًا بكمية كبيرة من السكر,القهوة العربية تُقدَّم تقليديًا بلا سكر، وتُعوَّض حلاوتها بالتمر المرافق دائمًا (كما في الطبق الزجاجي المغطى هنا) — الادعاء بتحليتها بسكر كبير خطأ ثقافي في عادة التقديم لا يُنفى من مجرد لون السائل في الكأس,ai_suggested,attribute
image_560,pearlx_falconry_001.png,objects,الصقارة,بري تمامًا ولم يخضع لأي تدريب,سيور تطويق (جِسّة) ظاهرة بوضوح مربوطة بأرجل الصقر وهو واقف على منصة تدريب خشبية مخصصة — وجود معدات التطويق ومنصة التدريب ينفي مباشرة ادعاء أنه بري تمامًا بلا تدريب,ai_suggested,attribute
image_561,pearlx_falconry_002.jpg,objects,الصقارة,UNCERTAIN,الصورة تُظهر صقرًا واقفًا على عارضة معدنية صدئة بلا أي جِسّة أو قفاز أو منصة تدريب أو وجود بشري ظاهر — لا يوجد ملمح بصري واحد يميّز هذا عن صورة حياة برية عادية، فتعذّر بناء فخ هوية أو صفة موثوقة (هذا يطابق ملاحظة المعجم نفسها أن المصطلح للممارسة لا للمرئي دائمًا),uncertain,uncertain
image_562,pearlx_falconry_003.jpg,objects,الصقارة,بري تمامًا ولم يخضع لأي تدريب,الصقر واقف على قفاز جلدي سميك مخصص لحمل الصقور (قفاز الصقّار) ظاهر بوضوح تحت مخالبه — وجود القفاز المتخصص ينفي مباشرة ادعاء أنه بري تمامًا بلا تدريب,ai_suggested,attribute
image_563,pearlx_ful_medames_001.jpg,cuisine,فول مدمس,حمص,حبات فول كاملة ظاهرة بوضوح بقوام كتلي متماسك ممزوجة بزيتون أسود، بلا أي نعومة أو قوام مهروس متجانس — الحمص عجينة مهروسة ناعمة تمامًا بلا حبات كاملة ظاهرة، ووجود الحبات الكاملة هنا ينفيه,ai_suggested,identity
image_564,pearlx_ful_medames_002.jpg,cuisine,فول مدمس,حمص,حبوب كاملة متنوعة (فول وحمص) ظاهرة بوضوح بقوام كتلي مع طماطم مفرومة، بلا أي نعومة مهروسة متجانسة — الحمص عجينة مهروسة ناعمة تمامًا مهما كان نوع الحبة، والقوام الحبيبي الكتلي هنا ينفيه,ai_suggested,identity
image_565,pearlx_ful_medames_003.jpg,cuisine,فول مدمس,حمص,يُقدَّم كحساء ساخن سائل في وعاء فخاري بتزيين حبات رمان، بينما الحمص عجينة باردة كثيفة تُقدَّم كمقبّل مفروش لا حساء ساخن سائل — شكل التقديم كحساء ساخن ينفي الحمص,ai_suggested,identity
image_566,pearlx_ful_medames_004.jpg,cuisine,فول مدمس,حمص,حبات فول كاملة ظاهرة بوضوح مع بقدونس مفروم فوق زيت، بجانب طبق خضار خام نيئة، بلا أي نعومة مهروسة متجانسة — الحمص عجينة مهروسة ناعمة تمامًا بلا حبات كاملة، ووجود الحبات هنا ينفيه,ai_suggested,identity
image_567,pearlx_ful_medames_005.jpg,cuisine,فول مدمس,حمص,القاعدة المهروسة هنا بلون بني-تان دافئ (لون الفول المهروس المميز)، بينما الحمص (المصنوع من الحمّص) أفتح لونًا وأكثر بياضًا-بيجيًا توحّدًا — اللون البني الدافئ هنا ينفي الحمص رغم تشابه القوام الناعم في هذه الصورة تحديدًا,ai_suggested,identity
image_568,pearlx_shawarma_001.jpg,cuisine,شاورما,لحم مفروم مُشكَّل,الشاورما تُبنى من شرائح لحم متبلة مكدّسة طبقات فوق السيخ العمودي لا من لحم مفروم مطهون مُشكَّل ككتلة — الادعاء بأنها لحم مفروم خطأ في طريقة التحضير لا يُنفى بثقة من مجرد رؤية اللحم داخل الخبز الدائري هنا,ai_suggested,attribute
image_569,pearlx_shawarma_002.jpg,cuisine,شاورما,لحم مفروم مُشكَّل,مخروط اللحم الدوّار الكامل ظاهر أمام اللهب مباشرة — الشاورما تُبنى من شرائح متبلة مكدّسة طبقات لا من لحم مفروم مُشكَّل ككتلة واحدة؛ الادعاء بأنها لحم مفروم خطأ في التحضير لا يُنفى من مجرد منظر السطح المشوي الخارجي,ai_suggested,attribute
image_570,pearlx_shawarma_003.jpg,cuisine,شاورما,لحم مفروم مُشكَّل,اللفافة مقطوعة تُظهر قطع دجاج مشرّحة/مقطّعة منفصلة بوضوح داخل المقطع، لا كتلة لحم مفروم متجانسة — ظهور القطع المشرّحة هنا مباشرة ينفي ادعاء أنها لحم مفروم مُشكَّل,ai_suggested,attribute
image_571,pearlx_shawarma_004.jpg,cuisine,شاورما,لحم مفروم مُشكَّل,الشاورما تُبنى من شرائح متبلة مكدّسة طبقات على السيخ العمودي لا من لحم مفروم مُشكَّل ككتلة — لفائف متعددة بعلامات شواء طولية هنا لا تكشف بذاتها طريقة التحضير الداخلية، فالادعاء بأنها مفرومة خطأ لا يُنفى من المظهر الخارجي وحده,ai_suggested,attribute
image_572,pearlx_shawarma_005.jpg,cuisine,شاورما,لحم مفروم مُشكَّل,لفائف شاورما صغيرة مكدّسة أمام سيخ دوّار كامل في الخلفية — الشاورما تُبنى من شرائح متبلة مكدّسة طبقات لا من لحم مفروم مُشكَّل ككتلة واحدة، وهذا لا يُنفى من مجرد شكل اللفائف الخارجي,ai_suggested,attribute
image_573,pearlx_sword_dance_001.jpg,objects,العرضة,العيالة,سيوف معدنية منحنية حقيقية بمقابض ذهبية مزخرفة ظاهرة بوضوح في أيدي عدة رجال، وعلم برأس سيف على قمة العمود — العيالة تُؤدى بعصي رفيعة مستقيمة لا سيوف معدنية، ووجود النصل المعدني اللامع هنا ينفيها,ai_suggested,identity
image_574,pearlx_sword_dance_002.jpg,objects,العرضة,العيالة,سيوف طويلة منحنية حقيقية مرفوعة ومتقاطعة فوق رأس الصبي في الوسط بوضوح تام — العيالة تُؤدى بعصي رفيعة مستقيمة لا سيوف معدنية طويلة، ووجود الأنصال المعدنية المتقاطعة هنا ينفيها,ai_suggested,identity
image_575,pearlx_sword_dance_003.jpg,objects,العرضة,UNCERTAIN,الرجال يحملون دفوفًا (آلات قرع) لا سيوفًا ولا عصيًا في هذه اللقطة تحديدًا — على الأرجح موكب موسيقي مصاحب للعرضة لا لحظة الأداء بالسيف/العصا نفسها، فتعذّر بناء فخ هوية عرضة/عيالة من أداة غير ظاهرة أصلًا,uncertain,uncertain
image_576,pearlx_sword_dance_004.jpg,objects,العرضة,UNCERTAIN,لا يظهر بوضوح سيف أو عصا في هذه اللقطة (تشكيل جماعي، شخص مركزي يحمل جسمًا ملفوفًا غامض الهوية) — موثَّق مسبقًا في flags.csv كأداة غامضة، فتعذّر بناء فخ هوية موثوق,uncertain,uncertain
image_577,pearlx_sword_dance_005.jpg,objects,العرضة,UNCERTAIN,يُظهر طبولًا لا سيوفًا ولا عصيًا — على الأرجح موكب موسيقي مصاحب لا لحظة الأداء نفسها، موثَّق مسبقًا في flags.csv، فتعذّر بناء فخ هوية عرضة/عيالة من أداة غير ظاهرة,uncertain,uncertain
image_578,pearlx_thawba_001.jpg,attire,جبة تونسية,فروة,رداء أحمر عنّابي بتطريز كريمي فاتح ومقعد أكمام واسعة مسترخية مع طربوش أحمر، بلا أي قلنسوة أو تصميم رمادي عملي — الفروة كما تحدَّدت في هذا المشروع رداء رمادي بقلنسوة عملية بلا زخرفة، واختلاف اللون والتطريز الفاخر هنا ينفيها,ai_suggested,identity
image_579,pearlx_thawba_002.jpg,attire,كندورة إماراتية,جبة تونسية,قصة بسيطة جدًا بأكمام عادية ضيقة وشرابة واحدة معلَّقة من الياقة فقط، بلا أي فتحة صدر واسعة مطرزة أو أكمام مسترخية عريضة — الجبة التونسية تتميز بفتحة V مطرزة وأكمام واسعة، وبساطة هذا التصميم تنفيها,ai_suggested,identity
image_580,pearlx_thawba_003.jpg,attire,ثوب,بشت,سترة غربية مفصَّلة ضيقة (بليزر كحلي) تُلبس فوق الثوب، بلا أي عباءة مفتوحة بأكمام واسعة مسترخية — البشت عباءة فضفاضة الأكمام تُلبس فوق الثوب، والقصة الغربية المفصَّلة هنا تنفيه,ai_suggested,identity
image_581,pearlx_thawba_004.jpg,attire,ثوب,بشت,ثوبان أبيضان بسيطان بلا أي طبقة عباءة خارجية فوقهما — البشت عباءة تُلبس فوق الثوب بأكمام واسعة مسدولة، وغياب أي طبقة خارجية على كلا الرجلين هنا ينفيه,ai_suggested,identity
image_582,pearlx_thawba_005.jpg,attire,ثوب,بشت,ثوب أبيض بسيط بلا أي طبقة عباءة خارجية فوقه — البشت عباءة تُلبس فوق الثوب بأكمام واسعة مسدولة، وغياب طبقة العباءة هنا ينفيه,ai_suggested,identity
image_583,pearlx_thawba_006.jpg,attire,فروة,زي صيفي خفيف يُلبس في المناخ الحار,الفروة كساء تقليدي مبطَّن مخصص للدفء في الأجواء الباردة، والقماش السميك الشبيه بالشمواه مع القلنسوة هنا يعكس هذا الغرض — الادعاء بأنها زي صيفي خفيف للمناخ الحار خطأ في وظيفتها التقليدية لا يُنفى من مجرد اللون الرمادي,ai_suggested,attribute
image_584,pearlx_thawba_007.jpg,attire,زي سوري تقليدي,بشت,رداء مقلَّم رفيع مُحكَم الخصر بحزام أسود عريض (كمر)، بلا أي عباءة مفتوحة بأكمام واسعة مسترخية فوقه — البشت فضفاض الأكمام لا يُشَد بحزام خصر، وربط الخصر هنا ينفيه,ai_suggested,identity
image_585,Screenshot 1448-02-23 at 10.11.57 PM.png,attire,رجل إماراتي,رجل سعودي,لا يوجد أي غطاء رأس (غترة وعقال) على الإطلاق — الرأس عارٍ تمامًا بشعر قصير، بينما الزي السعودي التقليدي يشمل دائمًا الغترة المسدولة والعقال — غياب أي غطاء رأس كليًا ينفيه,ai_suggested,identity
image_586,Screenshot 1448-02-23 at 10.12.09 PM.png,attire,امرأة سعودية,نقاب,وجهها ظاهر بالكامل بوضوح (مكياج وأحمر شفاه)، بلا أي تغطية للأنف أو الفم — النقاب يغطي الوجه بالكامل ولا يترك سوى العينين ظاهرتين، وظهور الوجه كاملًا هنا ينفيه,ai_suggested,identity
image_587,Screenshot 1448-02-23 at 10.18.25 PM.png,attire,زي إسلامي محتشم,عباية,كلتا المرأتين ترتديان سترات (بليزر) وقمصانًا مفصَّلة بقصة غربية رسمية، بلا أي رداء أسود انسيابي موحّد القطعة — العباءة رداء واحد فضفاض غير مفصَّل، والقصة المفصَّلة هنا تنفيها,ai_suggested,identity
image_588,clothes_001.png,attire,بشت,فروة,عباءة داكنة مفتوحة بحاشية فاتحة اللون (تلبيس) واضحة على الحواف تُلبس فوق ثوب مع غترة وعقال مزدوج، بلا أي قلنسوة أو تصميم شمواه رمادي عملي — الفروة كما تحدَّدت في هذا المشروع رداء رمادي عملي بقلنسوة، والحاشية الفاتحة الرسمية هنا تنفيها,ai_suggested,identity
image_589,clothes_002.png,attire,ثوب,بشت,مجموعة رجال بأثواب بيضاء بسيطة بلا أي طبقة عباءة خارجية فوق أي منهم — البشت عباءة تُلبس فوق الثوب بأكمام واسعة مسدولة، وغياب أي طبقة خارجية على الجميع هنا ينفيه,ai_suggested,identity
image_590,clothes_003.png,attire,فوطة,سروال,قطعة قماش واحدة ملفوفة حول الخصر بلا أي انفصال واضح لساقين منفصلتين، بينما السروال بنطال بساقين منفصلتين ظاهرتين — شكل اللف الواحد المتصل هنا ينفي السروال,ai_suggested,identity
image_591,clothes_004.png,attire,كمّة,مصر,قلنسوة مطرزة قصيرة مثبتة قريبة من الرأس بلا أي طبقات قماش ملفوفة أو أطراف متدلية، بينما المصر عمامة مصنوعة من قماش ملفوف بطبقات مع أطراف مدسوسة ظاهرة — غياب أي نسيج ملفوف هنا ينفي المصر,ai_suggested,identity
image_592,clothes_005.png,attire,جلابة,بشت,الرداء مغلق بسحّاب (زيبر) كامل من أعلى لأسفل، بينما البشت عباءة مفتوحة دائمًا غير مزرَّرة أو مسحَّبة تُرتدى بالتدلي الحر — وجود السحّاب هنا ينفي البشت,ai_suggested,identity
image_593,clothes_006.png,attire,مصر,كمّة,غطاء الرأس هنا طبقات قماش ملفوفة بنقشة زهرية ملونة مع أطراف مدسوسة ظاهرة، بينما الكمّة قلنسوة قصيرة مطرزة ثابتة بلا أي التفاف قماشي — وجود طبقات اللف الواضحة هنا ينفي الكمّة,ai_suggested,identity
image_594,clothes_007.png,attire,بشت,فروة,عباءتان داكنتان بحاشية فاتحة رسمية فوق أثواب بيضاء وغتر، بلا أي قلنسوة أو قماش شمواه رمادي عملي — الفروة رداء رمادي عملي بقلنسوة كما تحدَّدت في هذا المشروع، وغياب القلنسوة والحاشية الرسمية هنا تنفيها,ai_suggested,identity
image_595,clothes_008.png,attire,كمّة,مصر,قلنسوة قصيرة مصمتة الشكل بتطريز هندسي كثيف الألوان (أبيض وذهبي وأخضر)، بلا أي طبقات قماش ملفوفة أو أطراف متدلية — المصر عمامة من قماش ملفوف بطبقات، وثبات شكل القلنسوة المصمت هنا ينفي المصر,ai_suggested,identity
image_596,clothes_009.png,attire,بشت,فروة,عباءتان داكنتان بحاشية فاتحة رسمية فوق أثواب وغتر في بورتريه استوديو رسمي، بلا أي قلنسوة أو قماش شمواه رمادي عملي — غياب القلنسوة والطابع الرسمي الفاخر هنا ينفي الفروة العملية,ai_suggested,identity
image_597,clothes_010.png,attire,عائلة سورية,UNCERTAIN,لا يوجد بديل تسمية ديموغرافية أخرى من نفس الفئة (attire) يمكن نفيه بثقة إذ سيكون فرعيًا من نفس المجموعة العامة (كما في حالة عائلة عربية سابقًا) — التركيز على قطعة زي فردية بدل الهوية الجماعية يخالف روح الـGT الذي يصف المجموعة ككل,uncertain,uncertain
image_599,clothes_012.png,attire,زي تقليدي,عباية,ثوب بلون أزرق ملكي وذهبي غني بتطريز وترصيع كثيف ومقدمة مهيكلة مزخرفة، بينما العباءة رداء أسود موحّد اللون فضفاض غير مهيكل — اللون الزاهي والتطريز الكثيف المهيكل هنا ينفي العباءة,ai_suggested,identity
image_600,clothes_013.png,attire,عمامة,مصر,عمامة بيضاء/كريمية بسيطة بلا أي نقشة زهرية أو ألوان متعددة، بينما المصر عمامة عُمانية تتميز بنقشة قماش ملونة (زهرية/باييزلي) مميزة — البساطة الأحادية اللون هنا تنفي المصر,ai_suggested,identity
image_601,clothes_014.png,attire,كمّة,مصر,بطانة قلنسوة مطرزة بنقشة ورقية هندسية ثابتة الشكل، بلا أي طبقات قماش ملفوفة فضفاضة أو أطراف متدلية — المصر عمامة من قماش ملفوف بطبقات، وثبات شكل القلنسوة هنا ينفي المصر,ai_suggested,identity
image_602,clothes_015.png,attire,دشداشة,بشت,ثوب كامل مطوي بياقة مثبتة وفتحة صدر بشريط أبيض وشرابة معلَّقة وأكمام واضحة، بينما البشت عباءة مفتوحة بلا ياقة أو فتحة صدر مهيكلة تُلبس فوق الثوب — وجود الياقة والفتحة المهيكلة هنا ينفي البشت,ai_suggested,identity
image_603,clothes_016.png,attire,سروال,فوطة,ساقا بنطال منفصلتان بوضوح بقماش فضفاض مجمَّع عند الكاحلين، بينما الفوطة قطعة قماش واحدة ملفوفة حول الخصر بلا انفصال لساقين — وضوح انفصال الساقين هنا ينفي الفوطة,ai_suggested,identity
image_604,clothes_017.png,architecture,قنطرة حجرية سورية,حصن طيني,قنطرة مبنية من كتل حجرية منحوتة بوضوح بنسيج صخري خشن، بلا أي جدار طيني مجفف بالشمس ذي نسيج طيني أكثر نعومة — مادة الحجر المنحوت الظاهرة هنا تنفي حصن طيني المبني من الطوب الطيني,ai_suggested,identity
