category,ground_truth_subject,subject,country,region,medium,license,artist,source,filename,local_path,hitem,hitem_clip_score
architecture,modern_tower,Al Faisaliah Tower,,,,MIT,,https://www.kaggle.com/datasets/mohammedalbrayh/images-for-saudi-arabia-landmarks,Al_Faisaliah_Tower_f1.png,figs/candidate_pool/architecture/Al_Faisaliah_Tower_f1.png,modern_landmark,0.2668085694313049
architecture,modern_tower,Al Faisaliah Tower,,,,MIT,,https://www.kaggle.com/datasets/mohammedalbrayh/images-for-saudi-arabia-landmarks,Al_Faisaliah_Tower_f10.png,figs/candidate_pool/architecture/Al_Faisaliah_Tower_f10.png,modern_landmark,0.2584563791751861
architecture,modern_tower,Al Faisaliah Tower,,,,MIT,,https://www.kaggle.com/datasets/mohammedalbrayh/images-for-saudi-arabia-landmarks,Al_Faisaliah_Tower_f11.png,figs/candidate_pool/architecture/Al_Faisaliah_Tower_f11.png,modern_landmark,0.27326500415802
architecture,modern_tower,Al Faisaliah Tower,,,,MIT,,https://www.kaggle.com/datasets/mohammedalbrayh/images-for-saudi-arabia-landmarks,Al_Faisaliah_Tower_f12.png,figs/candidate_pool/architecture/Al_Faisaliah_Tower_f12.png,modern_landmark,0.2840579152107239
architecture,modern_tower,Al Faisaliah Tower,,,,MIT,,https://www.kaggle.com/datasets/mohammedalbrayh/images-for-saudi-arabia-landmarks,Al_Faisaliah_Tower_f13.png,figs/candidate_pool/architecture/Al_Faisaliah_Tower_f13.png,modern_landmark,0.2669185996055603
architecture,najdi_mudbrick,Al Masmak Palace,,,,MIT,,https://www.kaggle.com/datasets/mohammedalbrayh/images-for-saudi-arabia-landmarks,Al_Masmak_Palace_masmak (1).png,figs/candidate_pool/architecture/Al_Masmak_Palace_masmak (1).png,minaret,0.2596713006496429
architecture,modern_landmark,Al Masmak Palace,,,,MIT,,https://www.kaggle.com/datasets/mohammedalbrayh/images-for-saudi-arabia-landmarks,Al_Masmak_Palace_masmak (10).png,figs/candidate_pool/architecture/Al_Masmak_Palace_masmak (10).png,minaret,0.2384871840476989
architecture,najdi_mudbrick,Al Masmak Palace,,,,MIT,,https://www.kaggle.com/datasets/mohammedalbrayh/images-for-saudi-arabia-landmarks,Al_Masmak_Palace_masmak (11).png,figs/candidate_pool/architecture/Al_Masmak_Palace_masmak (11).png,modern_landmark,0.2358560413122177
architecture,modern_landmark,Al Masmak Palace,,,,MIT,,https://www.kaggle.com/datasets/mohammedalbrayh/images-for-saudi-arabia-landmarks,Al_Masmak_Palace_masmak (12).png,figs/candidate_pool/architecture/Al_Masmak_Palace_masmak (12).png,najdi_mudbrick,0.2259279191493988
architecture,najdi_mudbrick,Al Masmak Palace,,,,MIT,,https://www.kaggle.com/datasets/mohammedalbrayh/images-for-saudi-arabia-landmarks,Al_Masmak_Palace_masmak (13).png,figs/candidate_pool/architecture/Al_Masmak_Palace_masmak (13).png,modern_landmark,0.2506793141365051
architecture,mosque_dome,Al Rahmah Mosque,,,,MIT,,https://www.kaggle.com/datasets/mohammedalbrayh/images-for-saudi-arabia-landmarks,Al_Rahmah_Mosque_m1.png,figs/candidate_pool/architecture/Al_Rahmah_Mosque_m1.png,minaret,0.2631099820137024
architecture,modern_landmark,Al Rahmah Mosque,,,,MIT,,https://www.kaggle.com/datasets/mohammedalbrayh/images-for-saudi-arabia-landmarks,Al_Rahmah_Mosque_m10.png,figs/candidate_pool/architecture/Al_Rahmah_Mosque_m10.png,minaret,0.2594741582870483
architecture,minaret,Al Rahmah Mosque,,,,MIT,,https://www.kaggle.com/datasets/mohammedalbrayh/images-for-saudi-arabia-landmarks,Al_Rahmah_Mosque_m11.png,figs/candidate_pool/architecture/Al_Rahmah_Mosque_m11.png,modern_landmark,0.2675962448120117
architecture,minaret,Al Rahmah Mosque,,,,MIT,,https://www.kaggle.com/datasets/mohammedalbrayh/images-for-saudi-arabia-landmarks,Al_Rahmah_Mosque_m12.png,figs/candidate_pool/architecture/Al_Rahmah_Mosque_m12.png,mosque_dome,0.2608718872070312
architecture,minaret,Al Rahmah Mosque,,,,MIT,,https://www.kaggle.com/datasets/mohammedalbrayh/images-for-saudi-arabia-landmarks,Al_Rahmah_Mosque_m13.png,figs/candidate_pool/architecture/Al_Rahmah_Mosque_m13.png,mosque_dome,0.2571408748626709
architecture,najdi_mudbrick,Diriyah,,,,MIT,,https://www.kaggle.com/datasets/mohammedalbrayh/images-for-saudi-arabia-landmarks,Diriyah_d.png,figs/candidate_pool/architecture/Diriyah_d.png,modern_landmark,0.2594228088855743
architecture,najdi_mudbrick,Diriyah,,,,MIT,,https://www.kaggle.com/datasets/mohammedalbrayh/images-for-saudi-arabia-landmarks,Diriyah_d1.png,figs/candidate_pool/architecture/Diriyah_d1.png,modern_landmark,0.2749556601047516
architecture,najdi_mudbrick,Diriyah,,,,MIT,,https://www.kaggle.com/datasets/mohammedalbrayh/images-for-saudi-arabia-landmarks,Diriyah_d10.png,figs/candidate_pool/architecture/Diriyah_d10.png,modern_landmark,0.242376372218132
architecture,najdi_mudbrick,Diriyah,,,,MIT,,https://www.kaggle.com/datasets/mohammedalbrayh/images-for-saudi-arabia-landmarks,Diriyah_d11.png,figs/candidate_pool/architecture/Diriyah_d11.png,rock_cut_tomb,0.2641578018665313
architecture,najdi_mudbrick,Diriyah,,,,MIT,,https://www.kaggle.com/datasets/mohammedalbrayh/images-for-saudi-arabia-landmarks,Diriyah_d12.png,figs/candidate_pool/architecture/Diriyah_d12.png,rock_cut_tomb,0.2695221602916717
architecture,rock_cut_tomb,Hegra,,,,MIT,,https://www.kaggle.com/datasets/mohammedalbrayh/images-for-saudi-arabia-landmarks,Hegra_hegra (1).png,figs/candidate_pool/architecture/Hegra_hegra (1).png,natural_rock_formation,0.2626617550849914
architecture,najdi_mudbrick,Hegra,,,,MIT,,https://www.kaggle.com/datasets/mohammedalbrayh/images-for-saudi-arabia-landmarks,Hegra_hegra (12).png,figs/candidate_pool/architecture/Hegra_hegra (12).png,rock_cut_tomb,0.2819558382034302
architecture,rock_cut_tomb,Hegra,,,,MIT,,https://www.kaggle.com/datasets/mohammedalbrayh/images-for-saudi-arabia-landmarks,Hegra_hegra (13).png,figs/candidate_pool/architecture/Hegra_hegra (13).png,najdi_mudbrick,0.3068177402019501
architecture,najdi_mudbrick,Ibrahim Palace,,,,MIT,,https://www.kaggle.com/datasets/mohammedalbrayh/images-for-saudi-arabia-landmarks,Ibrahim_Palace_Screenshot 2023-11-16 093153.png,figs/candidate_pool/architecture/Ibrahim_Palace_Screenshot 2023-11-16 093153.png,modern_landmark,0.2585757374763489
architecture,najdi_mudbrick,Ibrahim Palace,,,,MIT,,https://www.kaggle.com/datasets/mohammedalbrayh/images-for-saudi-arabia-landmarks,Ibrahim_Palace_Screenshot 2023-11-16 093223.png,figs/candidate_pool/architecture/Ibrahim_Palace_Screenshot 2023-11-16 093223.png,minaret,0.2392200231552124
architecture,najdi_mudbrick,Ibrahim Palace,,,,MIT,,https://www.kaggle.com/datasets/mohammedalbrayh/images-for-saudi-arabia-landmarks,Ibrahim_Palace_Screenshot 2023-11-16 093255.png,figs/candidate_pool/architecture/Ibrahim_Palace_Screenshot 2023-11-16 093255.png,modern_landmark,0.2361192405223846
architecture,najdi_mudbrick,Ibrahim Palace,,,,MIT,,https://www.kaggle.com/datasets/mohammedalbrayh/images-for-saudi-arabia-landmarks,Ibrahim_Palace_Screenshot 2023-11-16 093318.png,figs/candidate_pool/architecture/Ibrahim_Palace_Screenshot 2023-11-16 093318.png,mosque_dome,0.2527588605880737
architecture,najdi_mudbrick,Ibrahim Palace,,,,MIT,,https://www.kaggle.com/datasets/mohammedalbrayh/images-for-saudi-arabia-landmarks,Ibrahim_Palace_Screenshot 2023-11-16 093330.png,figs/candidate_pool/architecture/Ibrahim_Palace_Screenshot 2023-11-16 093330.png,minaret,0.2351106405258178
architecture,modern_landmark,Ithra,,,,MIT,,https://www.kaggle.com/datasets/mohammedalbrayh/images-for-saudi-arabia-landmarks,Ithra_Screenshot 2023-10-31 111009.png,figs/candidate_pool/architecture/Ithra_Screenshot 2023-10-31 111009.png,minaret,0.2266793102025985
architecture,modern_landmark,Ithra,,,,MIT,,https://www.kaggle.com/datasets/mohammedalbrayh/images-for-saudi-arabia-landmarks,Ithra_Screenshot 2023-10-31 111128.png,figs/candidate_pool/architecture/Ithra_Screenshot 2023-10-31 111128.png,modern_tower,0.2575634717941284
architecture,modern_landmark,Ithra,,,,MIT,,https://www.kaggle.com/datasets/mohammedalbrayh/images-for-saudi-arabia-landmarks,Ithra_Screenshot 2023-10-31 111316.png,figs/candidate_pool/architecture/Ithra_Screenshot 2023-10-31 111316.png,modern_tower,0.2540726661682129
architecture,modern_landmark,Ithra,,,,MIT,,https://www.kaggle.com/datasets/mohammedalbrayh/images-for-saudi-arabia-landmarks,Ithra_Screenshot 2023-10-31 111325.png,figs/candidate_pool/architecture/Ithra_Screenshot 2023-10-31 111325.png,modern_tower,0.2241656333208084
architecture,modern_landmark,Ithra,,,,MIT,,https://www.kaggle.com/datasets/mohammedalbrayh/images-for-saudi-arabia-landmarks,Ithra_Screenshot 2023-10-31 111338.png,figs/candidate_pool/architecture/Ithra_Screenshot 2023-10-31 111338.png,modern_tower,0.258094847202301
architecture,natural_rock_formation,Jabal AlFil (Elephant Rock),,,,MIT,,https://www.kaggle.com/datasets/mohammedalbrayh/images-for-saudi-arabia-landmarks,Jabal_AlFil_Elephant_Rock_elephant (1).png,figs/candidate_pool/architecture/Jabal_AlFil_Elephant_Rock_elephant (1).png,rock_cut_tomb,0.287380039691925
architecture,natural_rock_formation,Jabal AlFil (Elephant Rock),,,,MIT,,https://www.kaggle.com/datasets/mohammedalbrayh/images-for-saudi-arabia-landmarks,Jabal_AlFil_Elephant_Rock_elephant (10).png,figs/candidate_pool/architecture/Jabal_AlFil_Elephant_Rock_elephant (10).png,rock_cut_tomb,0.2664418220520019
architecture,natural_rock_formation,Jabal AlFil (Elephant Rock),,,,MIT,,https://www.kaggle.com/datasets/mohammedalbrayh/images-for-saudi-arabia-landmarks,Jabal_AlFil_Elephant_Rock_elephant (11).png,figs/candidate_pool/architecture/Jabal_AlFil_Elephant_Rock_elephant (11).png,rock_cut_tomb,0.237146720290184
architecture,natural_rock_formation,Jabal AlFil (Elephant Rock),,,,MIT,,https://www.kaggle.com/datasets/mohammedalbrayh/images-for-saudi-arabia-landmarks,Jabal_AlFil_Elephant_Rock_elephant (12).png,figs/candidate_pool/architecture/Jabal_AlFil_Elephant_Rock_elephant (12).png,modern_landmark,0.2282305359840393
architecture,natural_rock_formation,Jabal AlFil (Elephant Rock),,,,MIT,,https://www.kaggle.com/datasets/mohammedalbrayh/images-for-saudi-arabia-landmarks,Jabal_AlFil_Elephant_Rock_elephant (13).png,figs/candidate_pool/architecture/Jabal_AlFil_Elephant_Rock_elephant (13).png,rock_cut_tomb,0.285294771194458
architecture,modern_tower,King Abdullah Financial District (KAFD),,,,MIT,,https://www.kaggle.com/datasets/mohammedalbrayh/images-for-saudi-arabia-landmarks,King_Abdullah_Financial_District_KAFD_k1.png,figs/candidate_pool/architecture/King_Abdullah_Financial_District_KAFD_k1.png,modern_landmark,0.2417158782482147
architecture,modern_tower,King Abdullah Financial District (KAFD),,,,MIT,,https://www.kaggle.com/datasets/mohammedalbrayh/images-for-saudi-arabia-landmarks,King_Abdullah_Financial_District_KAFD_k10.png,figs/candidate_pool/architecture/King_Abdullah_Financial_District_KAFD_k10.png,modern_landmark,0.2428460717201233
architecture,modern_tower,King Abdullah Financial District (KAFD),,,,MIT,,https://www.kaggle.com/datasets/mohammedalbrayh/images-for-saudi-arabia-landmarks,King_Abdullah_Financial_District_KAFD_k11.png,figs/candidate_pool/architecture/King_Abdullah_Financial_District_KAFD_k11.png,modern_landmark,0.2152310013771057
architecture,modern_tower,King Abdullah Financial District (KAFD),,,,MIT,,https://www.kaggle.com/datasets/mohammedalbrayh/images-for-saudi-arabia-landmarks,King_Abdullah_Financial_District_KAFD_k12.png,figs/candidate_pool/architecture/King_Abdullah_Financial_District_KAFD_k12.png,modern_landmark,0.239878848195076
architecture,modern_tower,King Abdullah Financial District (KAFD),,,,MIT,,https://www.kaggle.com/datasets/mohammedalbrayh/images-for-saudi-arabia-landmarks,King_Abdullah_Financial_District_KAFD_k13.png,figs/candidate_pool/architecture/King_Abdullah_Financial_District_KAFD_k13.png,modern_landmark,0.2494266927242279
architecture,modern_tower,Kingdom Tower,,,,MIT,,https://www.kaggle.com/datasets/mohammedalbrayh/images-for-saudi-arabia-landmarks,Kingdom_Tower_mam (1).png,figs/candidate_pool/architecture/Kingdom_Tower_mam (1).png,modern_landmark,0.2756464779376983
architecture,modern_tower,Kingdom Tower,,,,MIT,,https://www.kaggle.com/datasets/mohammedalbrayh/images-for-saudi-arabia-landmarks,Kingdom_Tower_mam (10).png,figs/candidate_pool/architecture/Kingdom_Tower_mam (10).png,modern_landmark,0.2756719291210174
architecture,modern_tower,Kingdom Tower,,,,MIT,,https://www.kaggle.com/datasets/mohammedalbrayh/images-for-saudi-arabia-landmarks,Kingdom_Tower_mam (11).png,figs/candidate_pool/architecture/Kingdom_Tower_mam (11).png,modern_landmark,0.2922206521034241
architecture,modern_tower,Kingdom Tower,,,,MIT,,https://www.kaggle.com/datasets/mohammedalbrayh/images-for-saudi-arabia-landmarks,Kingdom_Tower_mam (12).png,figs/candidate_pool/architecture/Kingdom_Tower_mam (12).png,modern_landmark,0.2790826559066772
architecture,modern_landmark,Kingdom Tower,,,,MIT,,https://www.kaggle.com/datasets/mohammedalbrayh/images-for-saudi-arabia-landmarks,Kingdom_Tower_mam (13).png,figs/candidate_pool/architecture/Kingdom_Tower_mam (13).png,modern_tower,0.2762241959571838
architecture,modern_landmark,Maraya,,,,MIT,,https://www.kaggle.com/datasets/mohammedalbrayh/images-for-saudi-arabia-landmarks,Maraya_mirror (1).png,figs/candidate_pool/architecture/Maraya_mirror (1).png,modern_tower,0.2473315447568893
architecture,modern_landmark,Maraya,,,,MIT,,https://www.kaggle.com/datasets/mohammedalbrayh/images-for-saudi-arabia-landmarks,Maraya_mirror (10).png,figs/candidate_pool/architecture/Maraya_mirror (10).png,natural_rock_formation,0.238547071814537
architecture,rock_cut_tomb,Maraya,,,,MIT,,https://www.kaggle.com/datasets/mohammedalbrayh/images-for-saudi-arabia-landmarks,Maraya_mirror (11).png,figs/candidate_pool/architecture/Maraya_mirror (11).png,najdi_mudbrick,0.2609547674655914
architecture,rock_cut_tomb,Maraya,,,,MIT,,https://www.kaggle.com/datasets/mohammedalbrayh/images-for-saudi-arabia-landmarks,Maraya_mirror (13).png,figs/candidate_pool/architecture/Maraya_mirror (13).png,modern_landmark,0.268034428358078
architecture,modern_landmark,Nassif House Museum,,,,MIT,,https://www.kaggle.com/datasets/mohammedalbrayh/images-for-saudi-arabia-landmarks,Nassif_House_Museum_naseif (1).png,figs/candidate_pool/architecture/Nassif_House_Museum_naseif (1).png,minaret,0.2426038831472396
architecture,modern_landmark,Nassif House Museum,,,,MIT,,https://www.kaggle.com/datasets/mohammedalbrayh/images-for-saudi-arabia-landmarks,Nassif_House_Museum_naseif (10).png,figs/candidate_pool/architecture/Nassif_House_Museum_naseif (10).png,najdi_mudbrick,0.2389038503170013
architecture,najdi_mudbrick,Nassif House Museum,,,,MIT,,https://www.kaggle.com/datasets/mohammedalbrayh/images-for-saudi-arabia-landmarks,Nassif_House_Museum_naseif (11).png,figs/candidate_pool/architecture/Nassif_House_Museum_naseif (11).png,modern_landmark,0.2441436052322387
architecture,modern_landmark,Nassif House Museum,,,,MIT,,https://www.kaggle.com/datasets/mohammedalbrayh/images-for-saudi-arabia-landmarks,Nassif_House_Museum_naseif (12).png,figs/candidate_pool/architecture/Nassif_House_Museum_naseif (12).png,najdi_mudbrick,0.2285452634096145
architecture,modern_landmark,Nassif House Museum,,,,MIT,,https://www.kaggle.com/datasets/mohammedalbrayh/images-for-saudi-arabia-landmarks,Nassif_House_Museum_naseif (13).png,figs/candidate_pool/architecture/Nassif_House_Museum_naseif (13).png,najdi_mudbrick,0.1894382387399673
architecture,minaret,Quba Mosque,,,,MIT,,https://www.kaggle.com/datasets/mohammedalbrayh/images-for-saudi-arabia-landmarks,Quba_Mosque_quba (1).png,figs/candidate_pool/architecture/Quba_Mosque_quba (1).png,mosque_dome,0.2634614706039428
architecture,minaret,Quba Mosque,,,,MIT,,https://www.kaggle.com/datasets/mohammedalbrayh/images-for-saudi-arabia-landmarks,Quba_Mosque_quba (10).png,figs/candidate_pool/architecture/Quba_Mosque_quba (10).png,mosque_dome,0.2793971300125122
architecture,minaret,Quba Mosque,,,,MIT,,https://www.kaggle.com/datasets/mohammedalbrayh/images-for-saudi-arabia-landmarks,Quba_Mosque_quba (11).png,figs/candidate_pool/architecture/Quba_Mosque_quba (11).png,mosque_dome,0.2821893692016601
architecture,minaret,Quba Mosque,,,,MIT,,https://www.kaggle.com/datasets/mohammedalbrayh/images-for-saudi-arabia-landmarks,Quba_Mosque_quba (12).png,figs/candidate_pool/architecture/Quba_Mosque_quba (12).png,mosque_dome,0.2534520030021667
architecture,minaret,Quba Mosque,,,,MIT,,https://www.kaggle.com/datasets/mohammedalbrayh/images-for-saudi-arabia-landmarks,Quba_Mosque_quba (13).png,figs/candidate_pool/architecture/Quba_Mosque_quba (13).png,mosque_dome,0.271557092666626
architecture,modern_landmark,Riyadh Water Tower,,,,MIT,,https://www.kaggle.com/datasets/mohammedalbrayh/images-for-saudi-arabia-landmarks,Riyadh_Water_Tower_waterTower (1).png,figs/candidate_pool/architecture/Riyadh_Water_Tower_waterTower (1).png,mosque_dome,0.2621525526046753
architecture,modern_landmark,Riyadh Water Tower,,,,MIT,,https://www.kaggle.com/datasets/mohammedalbrayh/images-for-saudi-arabia-landmarks,Riyadh_Water_Tower_waterTower (10).png,figs/candidate_pool/architecture/Riyadh_Water_Tower_waterTower (10).png,minaret,0.2534181475639343
architecture,modern_tower,Riyadh Water Tower,,,,MIT,,https://www.kaggle.com/datasets/mohammedalbrayh/images-for-saudi-arabia-landmarks,Riyadh_Water_Tower_waterTower (11).png,figs/candidate_pool/architecture/Riyadh_Water_Tower_waterTower (11).png,mosque_dome,0.231280118227005
architecture,minaret,Riyadh Water Tower,,,,MIT,,https://www.kaggle.com/datasets/mohammedalbrayh/images-for-saudi-arabia-landmarks,Riyadh_Water_Tower_waterTower (13).png,figs/candidate_pool/architecture/Riyadh_Water_Tower_waterTower (13).png,mosque_dome,0.2690927386283874
architecture,minaret,The Clock Towers,,,,MIT,,https://www.kaggle.com/datasets/mohammedalbrayh/images-for-saudi-arabia-landmarks,The_Clock_Towers_watch (1).png,figs/candidate_pool/architecture/The_Clock_Towers_watch (1).png,mosque_dome,0.2765352427959442
architecture,modern_tower,The Clock Towers,,,,MIT,,https://www.kaggle.com/datasets/mohammedalbrayh/images-for-saudi-arabia-landmarks,The_Clock_Towers_watch (10).png,figs/candidate_pool/architecture/The_Clock_Towers_watch (10).png,modern_landmark,0.2634054720401764
architecture,modern_tower,The Clock Towers,,,,MIT,,https://www.kaggle.com/datasets/mohammedalbrayh/images-for-saudi-arabia-landmarks,The_Clock_Towers_watch (11).png,figs/candidate_pool/architecture/The_Clock_Towers_watch (11).png,najdi_mudbrick,0.2838292121887207
architecture,minaret,The Clock Towers,,,,MIT,,https://www.kaggle.com/datasets/mohammedalbrayh/images-for-saudi-arabia-landmarks,The_Clock_Towers_watch (12).png,figs/candidate_pool/architecture/The_Clock_Towers_watch (12).png,modern_landmark,0.256097674369812
architecture,modern_tower,The Clock Towers,,,,MIT,,https://www.kaggle.com/datasets/mohammedalbrayh/images-for-saudi-arabia-landmarks,The_Clock_Towers_watch (13).png,figs/candidate_pool/architecture/The_Clock_Towers_watch (13).png,modern_landmark,0.2538802027702331
architecture,minaret,The Kaaba,,,,MIT,,https://www.kaggle.com/datasets/mohammedalbrayh/images-for-saudi-arabia-landmarks,The_Kaaba_kabba (1).png,figs/candidate_pool/architecture/The_Kaaba_kabba (1).png,mashrabiya,0.2437903434038162
architecture,minaret,The Kaaba,,,,MIT,,https://www.kaggle.com/datasets/mohammedalbrayh/images-for-saudi-arabia-landmarks,The_Kaaba_kabba (10).png,figs/candidate_pool/architecture/The_Kaaba_kabba (10).png,mosque_dome,0.223527655005455
architecture,minaret,The Kaaba,,,,MIT,,https://www.kaggle.com/datasets/mohammedalbrayh/images-for-saudi-arabia-landmarks,The_Kaaba_kabba (11).png,figs/candidate_pool/architecture/The_Kaaba_kabba (11).png,mashrabiya,0.2384995967149734
architecture,mosque_dome,The Kaaba,,,,MIT,,https://www.kaggle.com/datasets/mohammedalbrayh/images-for-saudi-arabia-landmarks,The_Kaaba_kabba (12).png,figs/candidate_pool/architecture/The_Kaaba_kabba (12).png,minaret,0.2314529865980148
architecture,mosque_dome,The Kaaba,,,,MIT,,https://www.kaggle.com/datasets/mohammedalbrayh/images-for-saudi-arabia-landmarks,The_Kaaba_kabba (13).png,figs/candidate_pool/architecture/The_Kaaba_kabba (13).png,minaret,0.2460544556379318
attire,kaftan,Kaftan,Syria,,Silk,CC0 (The Met Open Access),,https://www.metmuseum.org/art/collection/search/119451,119451_Kaftan.jpg,figs/candidate_pool/attire/119451_Kaftan.jpg,burnus,0.3445140719413757
attire,coat_jacket,Quilted Coat with Long Sleeves,Syria,,Silk and cotton; satin weave; plain weave; quilted,CC0 (The Met Open Access),,https://www.metmuseum.org/art/collection/search/81729,81729_Quilted_Coat_with_Long_Sleeves.jpg,figs/candidate_pool/attire/81729_Quilted_Coat_with_Long_Sleeves.jpg,kaftan,0.3492476344108581
attire,ensemble_syrian,Ensemble,Palestine,,"Linen, cotton, metal; embroidered",CC0 (The Met Open Access),,https://www.metmuseum.org/art/collection/search/82693,82693_Ensemble.jpg,figs/candidate_pool/attire/82693_Ensemble.jpg,burnus,0.342553436756134
attire,burnus,Burnus,Morocco,,"Wool, silk",CC0 (The Met Open Access),,https://www.metmuseum.org/art/collection/search/85605,85605_Burnus.jpg,figs/candidate_pool/attire/85605_Burnus.jpg,abaya,0.3413905501365661
attire,burnus,Burnus / Selham,"Algeria, Tunisia, or Morocco",,Silk; woven,CC0 (The Met Open Access),,https://www.metmuseum.org/art/collection/search/85620,85620_Burnus_Selham.jpg,figs/candidate_pool/attire/85620_Burnus_Selham.jpg,kaftan,0.2702654302120209
attire,coat_jacket,Jacket,probably Algeria,,"Silk, metal wrapped thread; brocaded and embroidered",CC0 (The Met Open Access),,https://www.metmuseum.org/art/collection/search/85625,85625_Jacket.jpg,figs/candidate_pool/attire/85625_Jacket.jpg,burnus,0.3047666251659393
attire,dress_egyptian,Dress,Algeria,,"Silk, cotton, metal wrapped thread; embroidered",CC0 (The Met Open Access),,https://www.metmuseum.org/art/collection/search/85630,85630_Dress.jpg,figs/candidate_pool/attire/85630_Dress.jpg,abaya,0.3256615102291107
attire,tunic,Plastron (Collar) from a Tunic,Tunisia,,"Metal wrapped thread, wool, glass; embroidered",CC0 (The Met Open Access),,https://www.metmuseum.org/art/collection/search/85631,85631_Plastron_Collar_from_a_Tunic.jpg,figs/candidate_pool/attire/85631_Plastron_Collar_from_a_Tunic.jpg,dress_egyptian,0.3227540850639343
attire,festive_dress_levant,Wedding Tunic and Ensemble,Tunisia,,"Cotton, velvet, metal wrapped thread",CC0 (The Met Open Access),,https://www.metmuseum.org/art/collection/search/85641,85641_Wedding_Tunic_and_Ensemble.jpg,figs/candidate_pool/attire/85641_Wedding_Tunic_and_Ensemble.jpg,kaftan,0.334610253572464
attire,dress_egyptian,Dress,Egypt,,"Cotton, metal wrapped thread; embroidered",CC0 (The Met Open Access),,https://www.metmuseum.org/art/collection/search/85658,85658_Dress.jpg,figs/candidate_pool/attire/85658_Dress.jpg,abaya,0.3661191761493683
attire,dress_egyptian,Dress,Egypt,,"Cotton, metal wrapped thread; embroidered",CC0 (The Met Open Access),,https://www.metmuseum.org/art/collection/search/85659,85659_Dress.jpg,figs/candidate_pool/attire/85659_Dress.jpg,kaftan,0.3239331245422363
attire,thob_palestinian,Palestinian Doll's Thob al-Malek Royal Dress,Palestine (Historic),,"Cotton, silk; plain weave, taffeta, appliqué, embroidered",CC0 (The Met Open Access),,https://www.metmuseum.org/art/collection/search/86125,86125_Palestinian_Doll_s_Thob_al_Malek_Royal_D.jpg,figs/candidate_pool/attire/86125_Palestinian_Doll_s_Thob_al_Malek_Royal_D.jpg,burnus,0.3373192250728607
attire,festive_dress_levant,Festive Dress from Quteife,Syria,Qalamun,"Cotton, silk; plain weave, embroidered",CC0 (The Met Open Access),,https://www.metmuseum.org/art/collection/search/86241,86241_Festive_Dress_from_Quteife.jpg,figs/candidate_pool/attire/86241_Festive_Dress_from_Quteife.jpg,burnus,0.362585961818695
attire,festive_dress_levant,Festive Dress from Qalamun,Syria,Qalamun region,"Cotton, silk, metal wrapped thread; plain weave, embroidered",CC0 (The Met Open Access),,https://www.metmuseum.org/art/collection/search/86249,86249_Festive_Dress_from_Qalamun.jpg,figs/candidate_pool/attire/86249_Festive_Dress_from_Qalamun.jpg,burnus,0.3580363392829895
attire,headscarf,Headscarf,Palestine,,"Linen, silk; embroidered",CC0 (The Met Open Access),,https://www.metmuseum.org/art/collection/search/86251,86251_Headscarf.jpg,figs/candidate_pool/attire/86251_Headscarf.jpg,thob_palestinian,0.3226759135723114
attire,abaya,Abaya Cloak,Syria,,"Silk, cotton, and metal wrapped thread; slit-tapestry weave; plain weave",CC0 (The Met Open Access),,https://www.metmuseum.org/art/collection/search/86267,86267_Abaya_Cloak.jpg,figs/candidate_pool/attire/86267_Abaya_Cloak.jpg,kaftan,0.3538320660591125
attire,abaya,Abaya Cloak,Syria,,"Silk, metal wrapped thread",CC0 (The Met Open Access),,https://www.metmuseum.org/art/collection/search/86273,86273_Abaya_Cloak.jpg,figs/candidate_pool/attire/86273_Abaya_Cloak.jpg,kaftan,0.3485941290855407
attire,abaya,Abaya Cloak,Syria,,"Silk, cotton, and metal wrapped thread; slit-tapestry weave; plain weave; moiré; satin weave; embroidered",CC0 (The Met Open Access),,https://www.metmuseum.org/art/collection/search/86275,86275_Abaya_Cloak.jpg,figs/candidate_pool/attire/86275_Abaya_Cloak.jpg,dress_egyptian,0.2989063560962677
attire,coat_jacket,Cape,Iraq,,"Wool, silk; embroidered",CC0 (The Met Open Access),,https://www.metmuseum.org/art/collection/search/86546,86546_Cape.jpg,figs/candidate_pool/attire/86546_Cape.jpg,kaftan,0.3331967890262604
attire,festive_dress_levant,Wedding Ensemble,Tunisia,,"Metal wrapped thread, silk, cotton; embroidered",CC0 (The Met Open Access),,https://www.metmuseum.org/art/collection/search/89306,89306_Wedding_Ensemble.jpg,figs/candidate_pool/attire/89306_Wedding_Ensemble.jpg,kaftan,0.3405866622924804
cuisine,UNMATCHED,File:Arabian Hot Dog.JPG,,Cuisine of Saudi Arabia,,CC0,Miansari66,https://upload.wikimedia.org/wikipedia/commons/4/4c/Arabian_Hot_Dog.JPG,Cuisine_of_Saudi_Arabia_03.JPG,figs/candidate_pool/cuisine/Cuisine_of_Saudi_Arabia_03.JPG,,
cuisine,UNMATCHED,"File:Arika, a Saudi dish.jpg",,Cuisine of Saudi Arabia,,CC0,sayom,https://upload.wikimedia.org/wikipedia/commons/7/78/Arika%2C_a_Saudi_dish.jpg,Cuisine_of_Saudi_Arabia_04.jpg,figs/candidate_pool/cuisine/Cuisine_of_Saudi_Arabia_04.jpg,,
cuisine,rice_dish,File:Bukhari Rice ارز بخاري بالدجاج.JPG,,Cuisine of Saudi Arabia,,CC0,Miansari66,https://upload.wikimedia.org/wikipedia/commons/2/23/Bukhari_Rice_%D8%A7%D8%B1%D8%B2_%D8%A8%D8%AE%D8%A7%D8%B1%D9%8A_%D8%A8%D8%A7%D9%84%D8%AF%D8%AC%D8%A7%D8%AC.JPG,Cuisine_of_Saudi_Arabia_05.JPG,figs/candidate_pool/cuisine/Cuisine_of_Saudi_Arabia_05.JPG,kabsa,0.3309955894947052
cuisine,saleeg,File:Chicken Saleeg.jpg,,Cuisine of Saudi Arabia,,CC BY-SA 4.0,Basil343,https://upload.wikimedia.org/wikipedia/commons/a/a8/Chicken_Saleeg.jpg,Cuisine_of_Saudi_Arabia_06.jpg,figs/candidate_pool/cuisine/Cuisine_of_Saudi_Arabia_06.jpg,biryani,0.3074723482131958
cuisine,curry_dip,File:Dakkous.JPG,,Cuisine of Saudi Arabia,,CC0,Miansari66,https://upload.wikimedia.org/wikipedia/commons/7/75/Dakkous.JPG,Cuisine_of_Saudi_Arabia_07.JPG,figs/candidate_pool/cuisine/Cuisine_of_Saudi_Arabia_07.JPG,rice_dish,0.3166078925132751
cuisine,curry_dip,File:Dukka Masala.JPG,,Cuisine of Saudi Arabia,,Public domain,Miansari66,https://upload.wikimedia.org/wikipedia/commons/5/5d/Dukka_Masala.JPG,Cuisine_of_Saudi_Arabia_08.JPG,figs/candidate_pool/cuisine/Cuisine_of_Saudi_Arabia_08.JPG,dessert_sweet,0.2894423305988312
cuisine,UNMATCHED,File:English22.JPG,,Cuisine of Saudi Arabia,,CC BY-SA 3.0,Deuzell,https://upload.wikimedia.org/wikipedia/commons/6/6d/English22.JPG,Cuisine_of_Saudi_Arabia_10.JPG,figs/candidate_pool/cuisine/Cuisine_of_Saudi_Arabia_10.JPG,,
cuisine,ful_medames,File:Fatit.jpg,,Cuisine of Saudi Arabia,,CC BY-SA 4.0,Slayym,https://upload.wikimedia.org/wikipedia/commons/b/bc/Fatit.jpg,Cuisine_of_Saudi_Arabia_11.jpg,figs/candidate_pool/cuisine/Cuisine_of_Saudi_Arabia_11.jpg,kibbeh,0.2941685616970062
cuisine,jareesh,File:Jarish SaudiCuisine.JPG,,Cuisine of Saudi Arabia,,CC BY-SA 4.0,Sayom,https://upload.wikimedia.org/wikipedia/commons/4/4e/Jarish_SaudiCuisine.JPG,Cuisine_of_Saudi_Arabia_12.JPG,figs/candidate_pool/cuisine/Cuisine_of_Saudi_Arabia_12.JPG,biryani,0.3129087686538696
cuisine,kabsa,File:Kabsa 1.JPG,,Cuisine of Saudi Arabia,,CC0,Miansari66,https://upload.wikimedia.org/wikipedia/commons/1/10/Kabsa_1.JPG,Cuisine_of_Saudi_Arabia_13.JPG,figs/candidate_pool/cuisine/Cuisine_of_Saudi_Arabia_13.JPG,maqluba,0.307716429233551
cuisine,dates,File:Khajoor Ka Milkshake.JPG,,Cuisine of Saudi Arabia,,CC0,Miansari66,https://upload.wikimedia.org/wikipedia/commons/f/f7/Khajoor_Ka_Milkshake.JPG,Cuisine_of_Saudi_Arabia_14.JPG,figs/candidate_pool/cuisine/Cuisine_of_Saudi_Arabia_14.JPG,tea_coffee,0.2830055356025696
cuisine,hummus,File:Arabic dish hummus.jpg,,Levantine cuisine,,CC BY-SA 4.0,Amanthi ganapathi,https://upload.wikimedia.org/wikipedia/commons/0/03/Arabic_dish_hummus.jpg,Levantine_cuisine_01.jpg,figs/candidate_pool/cuisine/Levantine_cuisine_01.jpg,ful_medames,0.2670473754405975
cuisine,UNMATCHED,File:Awame.jpg,,Levantine cuisine,,CC BY-SA 4.0,Ranbar,https://upload.wikimedia.org/wikipedia/commons/6/68/Awame.jpg,Levantine_cuisine_02.jpg,figs/candidate_pool/cuisine/Levantine_cuisine_02.jpg,,
cuisine,kebab,File:Cherry Kebab.jpg,,Levantine cuisine,,CC0,Elfenbeinturm,https://upload.wikimedia.org/wikipedia/commons/2/29/Cherry_Kebab.jpg,Levantine_cuisine_03.jpg,figs/candidate_pool/cuisine/Levantine_cuisine_03.jpg,dessert_sweet,0.2860249876976013
cuisine,dessert_sweet,File:Creamy Mhalabia Desserts.jpg,,Levantine cuisine,,CC BY 4.0,روتانا,https://upload.wikimedia.org/wikipedia/commons/3/3b/Creamy_Mhalabia_Desserts.jpg,Levantine_cuisine_04.jpg,figs/candidate_pool/cuisine/Levantine_cuisine_04.jpg,jareesh,0.3320232331752777
cuisine,kebab,File:Kebabconcereza.jpg,,Levantine cuisine,,CC BY-SA 4.0,El Mono Español,https://upload.wikimedia.org/wikipedia/commons/7/7f/Kebabconcereza.jpg,Levantine_cuisine_10.jpg,figs/candidate_pool/cuisine/Levantine_cuisine_10.jpg,kibbeh,0.2792226076126098
cuisine,kibbeh,File:Kebbeh.JPG,,Levantine cuisine,,Public domain,,https://upload.wikimedia.org/wikipedia/commons/3/37/Kebbeh.JPG,Levantine_cuisine_11.JPG,figs/candidate_pool/cuisine/Levantine_cuisine_11.JPG,falafel,0.3442173302173614
cuisine,UNMATCHED,File:Madlouka Shamiah.jpg,,Levantine cuisine,,CC BY-SA 4.0,Nabeel Nafisah Sweets,https://upload.wikimedia.org/wikipedia/commons/2/2a/Madlouka_Shamiah.jpg,Levantine_cuisine_12.jpg,figs/candidate_pool/cuisine/Levantine_cuisine_12.jpg,,
cuisine,UNMATCHED,"File:Mafrouka at Agasi, Lajpat Nagar (July 2025) (cropped).jpg",,Levantine cuisine,,CC0,Contrapunctus-1,https://upload.wikimedia.org/wikipedia/commons/a/a6/Mafrouka_at_Agasi%2C_Lajpat_Nagar_%28July_2025%29_%28cropped%29.jpg,Levantine_cuisine_13.jpg,figs/candidate_pool/cuisine/Levantine_cuisine_13.jpg,,
cuisine,manakish,File:Manaqish.jpg,,Levantine cuisine,,CC BY-SA 4.0,Mervat Salman,https://upload.wikimedia.org/wikipedia/commons/8/8f/Manaqish.jpg,Levantine_cuisine_14.jpg,figs/candidate_pool/cuisine/Levantine_cuisine_14.jpg,baklava,0.3235754072666168
cuisine,mandi,File:Chicken Mandi Rice during Cooking.JPG,,Cuisine of Egypt,,CC0,Miansari66,https://upload.wikimedia.org/wikipedia/commons/a/a7/Chicken_Mandi_Rice_during_Cooking.JPG,Cuisine_of_Egypt_01.JPG,figs/candidate_pool/cuisine/Cuisine_of_Egypt_01.JPG,kabsa,0.2790400087833404
cuisine,UNMATCHED,File:070820111168ب.jpg,,Cuisine of Egypt,,CC BY-SA 4.0,Dede Elfeky,https://upload.wikimedia.org/wikipedia/commons/7/7b/070820111168%D8%A8.jpg,Cuisine_of_Egypt_02.jpg,figs/candidate_pool/cuisine/Cuisine_of_Egypt_02.jpg,,
cuisine,UNMATCHED,File:110820111212أ.jpg,,Cuisine of Egypt,,CC BY-SA 4.0,Dede Elfeky,https://upload.wikimedia.org/wikipedia/commons/4/4d/110820111212%D8%A3.jpg,Cuisine_of_Egypt_03.jpg,figs/candidate_pool/cuisine/Cuisine_of_Egypt_03.jpg,,
cuisine,UNMATCHED,File:120820111234ج.jpg,,Cuisine of Egypt,,CC BY-SA 4.0,Dede Elfeky,https://upload.wikimedia.org/wikipedia/commons/f/f3/120820111234%D8%AC.jpg,Cuisine_of_Egypt_04.jpg,figs/candidate_pool/cuisine/Cuisine_of_Egypt_04.jpg,,
cuisine,UNMATCHED,File:120820111254ح.jpg,,Cuisine of Egypt,,CC BY-SA 4.0,Dede Elfeky,https://upload.wikimedia.org/wikipedia/commons/6/61/120820111254%D8%AD.jpg,Cuisine_of_Egypt_05.jpg,figs/candidate_pool/cuisine/Cuisine_of_Egypt_05.jpg,,
cuisine,UNMATCHED,File:120820111263خ.jpg,,Cuisine of Egypt,,CC BY-SA 4.0,Dede Elfeky,https://upload.wikimedia.org/wikipedia/commons/d/d3/120820111263%D8%AE.jpg,Cuisine_of_Egypt_06.jpg,figs/candidate_pool/cuisine/Cuisine_of_Egypt_06.jpg,,
cuisine,UNMATCHED,File:2004-03-vev-egypte-donnesduriz.jpg,,Cuisine of Egypt,,CC BY-SA 3.0,,https://upload.wikimedia.org/wikipedia/commons/0/01/2004-03-vev-egypte-donnesduriz.jpg,Cuisine_of_Egypt_07.jpg,figs/candidate_pool/cuisine/Cuisine_of_Egypt_07.jpg,,
cuisine,UNMATCHED,File:20130501745ذ.jpg,,Cuisine of Egypt,,CC BY-SA 4.0,Dede Elfeky,https://upload.wikimedia.org/wikipedia/commons/0/04/20130501745%D8%B0.jpg,Cuisine_of_Egypt_08.jpg,figs/candidate_pool/cuisine/Cuisine_of_Egypt_08.jpg,,
cuisine,UNMATCHED,File:240820111446ث.jpg,,Cuisine of Egypt,,CC BY-SA 4.0,Dede Elfeky,https://upload.wikimedia.org/wikipedia/commons/4/44/240820111446%D8%AB.jpg,Cuisine_of_Egypt_11.jpg,figs/candidate_pool/cuisine/Cuisine_of_Egypt_11.jpg,,
cuisine,harees,File:Harees.JPG,,Cuisine of the United Arab Emirates,,CC0,Miansari66,https://upload.wikimedia.org/wikipedia/commons/d/d4/Harees.JPG,Cuisine_of_the_United_Arab_Emirates_01.JPG,figs/candidate_pool/cuisine/Cuisine_of_the_United_Arab_Emirates_01.JPG,maqluba,0.3215574026107788
cuisine,shawarma,File:Shawerma Roll.JPG,,Cuisine of the United Arab Emirates,,CC0,Miansari66,https://upload.wikimedia.org/wikipedia/commons/7/71/Shawerma_Roll.JPG,Cuisine_of_the_United_Arab_Emirates_02.JPG,figs/candidate_pool/cuisine/Cuisine_of_the_United_Arab_Emirates_02.JPG,mansaf,0.312734305858612
cuisine,umm_ali,File:Umm Ali.JPG,,Cuisine of the United Arab Emirates,,CC0,Miansari66,https://upload.wikimedia.org/wikipedia/commons/9/9c/Umm_Ali.JPG,Cuisine_of_the_United_Arab_Emirates_03.JPG,figs/candidate_pool/cuisine/Cuisine_of_the_United_Arab_Emirates_03.JPG,maqluba,0.2956568598747253
cuisine,harees,File:Al fanar harees (7797136886).jpg,,Cuisine of the United Arab Emirates,,CC BY 2.0,Krista,https://upload.wikimedia.org/wikipedia/commons/2/24/Al_fanar_harees_%287797136886%29.jpg,Cuisine_of_the_United_Arab_Emirates_05.jpg,figs/candidate_pool/cuisine/Cuisine_of_the_United_Arab_Emirates_05.jpg,mansaf,0.2909842133522033
cuisine,UNMATCHED,File:Arabic MixedGrill.JPG,,Cuisine of the United Arab Emirates,,CC BY-SA 4.0,User:Jpatokal,https://upload.wikimedia.org/wikipedia/commons/d/d6/Arabic_MixedGrill.JPG,Cuisine_of_the_United_Arab_Emirates_08.JPG,figs/candidate_pool/cuisine/Cuisine_of_the_United_Arab_Emirates_08.JPG,,
cuisine,sambousek,File:Sambousek.JPG,,Cuisine of Jordan,,CC0,Miansari66,https://upload.wikimedia.org/wikipedia/commons/0/00/Sambousek.JPG,Cuisine_of_Jordan_01.JPG,figs/candidate_pool/cuisine/Cuisine_of_Jordan_01.JPG,kibbeh,0.2945040166378021
cuisine,sambousek,File:Sambousek (4009290205).jpg,,Cuisine of Jordan,,CC BY-SA 2.0,"Charles Haynes from Hobart, Australia",https://upload.wikimedia.org/wikipedia/commons/3/3e/Sambousek_%284009290205%29.jpg,Cuisine_of_Jordan_02.jpg,figs/candidate_pool/cuisine/Cuisine_of_Jordan_02.jpg,bread,0.3003728091716766
cuisine,grill_mixed,File:Brinjal Grilling.JPG,,Cuisine of Jordan,,CC0,Miansari66,https://upload.wikimedia.org/wikipedia/commons/a/ad/Brinjal_Grilling.JPG,Cuisine_of_Jordan_04.JPG,figs/candidate_pool/cuisine/Cuisine_of_Jordan_04.JPG,kabsa,0.2478162199258804
cuisine,UNMATCHED,File:1014-TeaTimeInDesert.jpg,,Cuisine of Jordan,,CC BY-SA 3.0,Bruno Befreetv,https://upload.wikimedia.org/wikipedia/commons/3/31/1014-TeaTimeInDesert.jpg,Cuisine_of_Jordan_05.jpg,figs/candidate_pool/cuisine/Cuisine_of_Jordan_05.jpg,,
cuisine,UNMATCHED,File:Ajlun Breakfast.jpg,,Cuisine of Jordan,,CC BY-SA 3.0,Smart Viral at English Wikipedia,https://upload.wikimedia.org/wikipedia/commons/f/f3/Ajlun_Breakfast.jpg,Cuisine_of_Jordan_06.jpg,figs/candidate_pool/cuisine/Cuisine_of_Jordan_06.jpg,,
cuisine,UNMATCHED,File:DSC04532t5re.jpg,,Cuisine of Jordan,,CC BY-SA 4.0,Khaled,https://upload.wikimedia.org/wikipedia/commons/0/02/DSC04532t5re.jpg,Cuisine_of_Jordan_10.jpg,figs/candidate_pool/cuisine/Cuisine_of_Jordan_10.jpg,,
cuisine,dessert_sweet,File:Bint al Sahn.png,,Cuisine of Yemen,,CC BY-SA 3.0,Rukn950,https://upload.wikimedia.org/wikipedia/commons/6/62/Bint_al_Sahn.png,Cuisine_of_Yemen_03.png,figs/candidate_pool/cuisine/Cuisine_of_Yemen_03.png,baklava,0.2980079054832458
cuisine,bread,File:LahohS.jpg,,Cuisine of Yemen,,CC BY-SA 3.0,Gilabrand (talk),https://upload.wikimedia.org/wikipedia/commons/4/44/LahohS.jpg,Cuisine_of_Yemen_07.jpg,figs/candidate_pool/cuisine/Cuisine_of_Yemen_07.jpg,manakish,0.3206213414669037
objects,incense_burner,Incense Burner,Syria,,"Brass; cast with handle made of separately hammered sheet, pierced, inlaid with silver and gold",CC0 (The Met Open Access),,https://www.metmuseum.org/art/collection/search/447008,447008_Incense_Burner.jpg,figs/candidate_pool/objects/447008_Incense_Burner.jpg,dallah_coffee_pot,0.2994368374347687
objects,incense_burner,Pierced Globe,Syria,,"Brass; spun and turned, pierced, chased, inlaid with gold, silver, and black compound",CC0 (The Met Open Access),,https://www.metmuseum.org/art/collection/search/447019,447019_Pierced_Globe.jpg,figs/candidate_pool/objects/447019_Pierced_Globe.jpg,dallah_coffee_pot,0.2762544155120849
script,Diwani,Diwani,,,names of companions,Apache-2.0,,https://huggingface.co/datasets/MBZUAI/DuwatBench,Diwani_6_535.jpg,figs/candidate_pool/script/Diwani_6_535.jpg,Naskh,0.2536619901657104
script,Diwani,Diwani,,,devotional invocation,Apache-2.0,,https://huggingface.co/datasets/MBZUAI/DuwatBench,Diwani_6_655.jpg,figs/candidate_pool/script/Diwani_6_655.jpg,Ruq'ah,0.3246821761131286
script,Diwani,Diwani,,,quranic,Apache-2.0,,https://huggingface.co/datasets/MBZUAI/DuwatBench,Diwani_6_489.jpg,figs/candidate_pool/script/Diwani_6_489.jpg,Thuluth,0.3299736380577087
script,Diwani,Diwani,,,quranic,Apache-2.0,,https://huggingface.co/datasets/MBZUAI/DuwatBench,Diwani_dwn49.jpg,figs/candidate_pool/script/Diwani_dwn49.jpg,Thuluth,0.3223345279693603
script,Diwani,Diwani,,,devotional invocation,Apache-2.0,,https://huggingface.co/datasets/MBZUAI/DuwatBench,Diwani_7_845.jpg,figs/candidate_pool/script/Diwani_7_845.jpg,Naskh,0.3437261879444122
script,Diwani,Diwani,,,names of Allah,Apache-2.0,,https://huggingface.co/datasets/MBZUAI/DuwatBench,Diwani_6_267.jpg,figs/candidate_pool/script/Diwani_6_267.jpg,Thuluth,0.3266123235225677
script,Diwani,Diwani,,,devotional invocation,Apache-2.0,,https://huggingface.co/datasets/MBZUAI/DuwatBench,Diwani_dwn12.jpg,figs/candidate_pool/script/Diwani_dwn12.jpg,Ruq'ah,0.3475171625614166
script,Diwani,Diwani,,,devotional invocation,Apache-2.0,,https://huggingface.co/datasets/MBZUAI/DuwatBench,Diwani_dwn63.jpg,figs/candidate_pool/script/Diwani_dwn63.jpg,Naskh,0.3095700144767761
script,Kufic,Kufic,,,quranic,Apache-2.0,,https://huggingface.co/datasets/MBZUAI/DuwatBench,Kufic_kuf12.jpg,figs/candidate_pool/script/Kufic_kuf12.jpg,Naskh,0.2885169088840484
script,Kufic,Kufic,,,quranic,Apache-2.0,,https://huggingface.co/datasets/MBZUAI/DuwatBench,Kufic_kuf69.jpg,figs/candidate_pool/script/Kufic_kuf69.jpg,Naskh,0.2943384051322937
script,Naskh,Naskh,,,non-religious,Apache-2.0,,https://huggingface.co/datasets/MBZUAI/DuwatBench,Naskh_naskh31.jpg,figs/candidate_pool/script/Naskh_naskh31.jpg,Ruq'ah,0.3298766016960144
script,Naskh,Naskh,,,non-religious,Apache-2.0,,https://huggingface.co/datasets/MBZUAI/DuwatBench,Naskh_naskh18.jpg,figs/candidate_pool/script/Naskh_naskh18.jpg,Ruq'ah,0.3244472146034241
script,Naskh,Naskh,,,devotional invocation,Apache-2.0,,https://huggingface.co/datasets/MBZUAI/DuwatBench,Naskh_6_360.jpg,figs/candidate_pool/script/Naskh_6_360.jpg,Ruq'ah,0.3187624514102936
script,Naskh,Naskh,,,devotional invocation,Apache-2.0,,https://huggingface.co/datasets/MBZUAI/DuwatBench,Naskh_3_182.jpg,figs/candidate_pool/script/Naskh_3_182.jpg,Ruq'ah,0.3047269880771637
script,Naskh,Naskh,,,devotional invocation,Apache-2.0,,https://huggingface.co/datasets/MBZUAI/DuwatBench,Naskh_naskh41.jpg,figs/candidate_pool/script/Naskh_naskh41.jpg,Ruq'ah,0.3001473844051361
script,Naskh,Naskh,,,devotional invocation,Apache-2.0,,https://huggingface.co/datasets/MBZUAI/DuwatBench,Naskh_2_129.jpg,figs/candidate_pool/script/Naskh_2_129.jpg,Ruq'ah,0.2986409664154053
script,Naskh,Naskh,,,non-religious,Apache-2.0,,https://huggingface.co/datasets/MBZUAI/DuwatBench,Naskh_naskh13.jpg,figs/candidate_pool/script/Naskh_naskh13.jpg,Thuluth,0.279041588306427
script,Naskh,Naskh,,,quranic,Apache-2.0,,https://huggingface.co/datasets/MBZUAI/DuwatBench,Naskh_naskh17.jpg,figs/candidate_pool/script/Naskh_naskh17.jpg,Thuluth,0.3085567355155945
script,Naskh,Naskh,,,devotional invocation,Apache-2.0,,https://huggingface.co/datasets/MBZUAI/DuwatBench,Naskh_naskh45.jpg,figs/candidate_pool/script/Naskh_naskh45.jpg,Ruq'ah,0.2910200655460357
script,Naskh,Naskh,,,devotional invocation,Apache-2.0,,https://huggingface.co/datasets/MBZUAI/DuwatBench,Naskh_naskh25.jpg,figs/candidate_pool/script/Naskh_naskh25.jpg,Thuluth,0.2791035175323486
script,Naskh,Naskh,,,quranic,Apache-2.0,,https://huggingface.co/datasets/MBZUAI/DuwatBench,Naskh_1_266.jpg,figs/candidate_pool/script/Naskh_1_266.jpg,Thuluth,0.3149096667766571
script,Naskh,Naskh,,,names of the Prophet,Apache-2.0,,https://huggingface.co/datasets/MBZUAI/DuwatBench,Naskh_6_308.jpg,figs/candidate_pool/script/Naskh_6_308.jpg,Ruq'ah,0.3080680966377258
script,Nasta'liq,Nasta'liq,,,quranic,Apache-2.0,,https://huggingface.co/datasets/MBZUAI/DuwatBench,Nastaliq_nas51.jpg,figs/candidate_pool/script/Nastaliq_nas51.jpg,Naskh,0.3406399190425873
script,Nasta'liq,Nasta'liq,,,quranic,Apache-2.0,,https://huggingface.co/datasets/MBZUAI/DuwatBench,Nastaliq_nas32.jpg,figs/candidate_pool/script/Nastaliq_nas32.jpg,Naskh,0.3317711651325226
script,Nasta'liq,Nasta'liq,,,non-religious,Apache-2.0,,https://huggingface.co/datasets/MBZUAI/DuwatBench,Nastaliq_nas35.jpg,figs/candidate_pool/script/Nastaliq_nas35.jpg,Naskh,0.3490488827228546
script,Nasta'liq,Nasta'liq,,,non-religious,Apache-2.0,,https://huggingface.co/datasets/MBZUAI/DuwatBench,Nastaliq_nas47.jpg,figs/candidate_pool/script/Nastaliq_nas47.jpg,Naskh,0.3245611190795898
script,Nasta'liq,Nasta'liq,,,non-religious,Apache-2.0,,https://huggingface.co/datasets/MBZUAI/DuwatBench,Nastaliq_nas19.jpg,figs/candidate_pool/script/Nastaliq_nas19.jpg,Naskh,0.335319310426712
script,Nasta'liq,Nasta'liq,,,quranic,Apache-2.0,,https://huggingface.co/datasets/MBZUAI/DuwatBench,Nastaliq_3_263.jpg,figs/candidate_pool/script/Nastaliq_3_263.jpg,Ruq'ah,0.3255698084831238
script,Ruq'ah,Ruq'ah,,,non-religious,Apache-2.0,,https://huggingface.co/datasets/MBZUAI/DuwatBench,Ruqah_ruq4.jpg,figs/candidate_pool/script/Ruqah_ruq4.jpg,Naskh,0.2906504869461059
script,Ruq'ah,Ruq'ah,,,non-religious,Apache-2.0,,https://huggingface.co/datasets/MBZUAI/DuwatBench,Ruqah_ruq26.jpg,figs/candidate_pool/script/Ruqah_ruq26.jpg,Naskh,0.3091364502906799
script,Ruq'ah,Ruq'ah,,,non-religious,Apache-2.0,,https://huggingface.co/datasets/MBZUAI/DuwatBench,Ruqah_ruq53.jpg,figs/candidate_pool/script/Ruqah_ruq53.jpg,Naskh,0.3508121371269226
script,Ruq'ah,Ruq'ah,,,non-religious,Apache-2.0,,https://huggingface.co/datasets/MBZUAI/DuwatBench,Ruqah_ruq16.jpg,figs/candidate_pool/script/Ruqah_ruq16.jpg,Naskh,0.2855120301246643
script,Ruq'ah,Ruq'ah,,,non-religious,Apache-2.0,,https://huggingface.co/datasets/MBZUAI/DuwatBench,Ruqah_ruq17.jpg,figs/candidate_pool/script/Ruqah_ruq17.jpg,Naskh,0.288515567779541
script,Ruq'ah,Ruq'ah,,,quranic,Apache-2.0,,https://huggingface.co/datasets/MBZUAI/DuwatBench,Ruqah_ruq67.jpg,figs/candidate_pool/script/Ruqah_ruq67.jpg,Naskh,0.3354590535163879
script,Ruq'ah,Ruq'ah,,,devotional invocation,Apache-2.0,,https://huggingface.co/datasets/MBZUAI/DuwatBench,Ruqah_ruq52.jpg,figs/candidate_pool/script/Ruqah_ruq52.jpg,Naskh,0.3242649137973785
script,Ruq'ah,Ruq'ah,,,non-religious,Apache-2.0,,https://huggingface.co/datasets/MBZUAI/DuwatBench,Ruqah_ruq15.jpg,figs/candidate_pool/script/Ruqah_ruq15.jpg,Naskh,0.3058640956878662
script,Ruq'ah,Ruq'ah,,,quranic,Apache-2.0,,https://huggingface.co/datasets/MBZUAI/DuwatBench,Ruqah_ruq21.jpg,figs/candidate_pool/script/Ruqah_ruq21.jpg,Naskh,0.3141613006591797
script,Thuluth,Thuluth,,,quranic,Apache-2.0,,https://huggingface.co/datasets/MBZUAI/DuwatBench,Thuluth_5_4.jpg,figs/candidate_pool/script/Thuluth_5_4.jpg,Ruq'ah,0.3157987296581268
script,Thuluth,Thuluth,,,names of Allah,Apache-2.0,,https://huggingface.co/datasets/MBZUAI/DuwatBench,Thuluth_6_569.jpg,figs/candidate_pool/script/Thuluth_6_569.jpg,Ruq'ah,0.279362678527832
script,Thuluth,Thuluth,,,quranic,Apache-2.0,,https://huggingface.co/datasets/MBZUAI/DuwatBench,Thuluth_4_399.jpg,figs/candidate_pool/script/Thuluth_4_399.jpg,Ruq'ah,0.2878800332546234
script,Thuluth,Thuluth,,,quranic,Apache-2.0,,https://huggingface.co/datasets/MBZUAI/DuwatBench,Thuluth_2_160.jpg,figs/candidate_pool/script/Thuluth_2_160.jpg,Naskh,0.3096109628677368
script,Thuluth,Thuluth,,,devotional invocation,Apache-2.0,,https://huggingface.co/datasets/MBZUAI/DuwatBench,Thuluth_5_169.jpg,figs/candidate_pool/script/Thuluth_5_169.jpg,Naskh,0.3035925626754761
script,Thuluth,Thuluth,,,personal/place name,Apache-2.0,,https://huggingface.co/datasets/MBZUAI/DuwatBench,Thuluth_2_176.jpg,figs/candidate_pool/script/Thuluth_2_176.jpg,Ruq'ah,0.3421798944473266
script,Thuluth,Thuluth,,,quranic,Apache-2.0,,https://huggingface.co/datasets/MBZUAI/DuwatBench,Thuluth_6_616.jpg,figs/candidate_pool/script/Thuluth_6_616.jpg,Ruq'ah,0.2976455092430115
objects,rose_water_sprinkler,Rose Water Sprinkler,India,South Asia (Mughal),"Gouache painting on paper, depicting an enameled metal vessel",CC BY 4.0,M. V. Dhurandhar (1867–1944),https://commons.wikimedia.org/wiki/File:A_Mughal_style_rose_water_sprinkler_Wellcome_V0045999.jpg,A_Mughal_style_rose_water_sprinkler_Wellcome_V0045999.jpg,figs/candidate_pool/objects/A_Mughal_style_rose_water_sprinkler_Wellcome_V0045999.jpg,attar_perfume_bottle,
objects,date_picking_basket,Date-Picking Basket,,,Woven palm/straw fiber with braided cotton straps,,,,Date Picking Basket.png,figs/candidate_pool/objects/Date Picking Basket.png,shopping_basket,
objects,ramadan_lantern,Ramadan Lantern,Egypt,,Painted/blackened metal with colored glass panels,CC BY-SA 3.0,Ibrahim.ID,https://commons.wikimedia.org/wiki/File:Fanous_Ramadan_(cropped).jpg,Fanous_Ramadan_(cropped).jpg,figs/candidate_pool/objects/Fanous_Ramadan_(cropped).jpg,moroccan_hanging_lantern,
objects,mihmas_coffee_roasting_pan,Coffee Roasting Pan (Mihmas),Jordan,,Hand-forged iron,,,,Mehmas_iron_jordan_2025_(2).jpg,figs/candidate_pool/objects/Mehmas_iron_jordan_2025_(2).jpg,fireplace_ember_shovel,
objects,minbar_mosque_pulpit,Mosque Pulpit (Minbar),Singapore,Southeast Asia,Carved wood with gilt inlay,CC BY 4.0,M. Adrian Jurhami,https://commons.wikimedia.org/wiki/File:Minbar_of_Masjid_Hajjah_Fatimah.jpg,Minbar_of_Masjid_Hajjah_Fatimah.jpg,figs/candidate_pool/objects/Minbar_of_Masjid_Hajjah_Fatimah.jpg,muezzin_platform_dikka,
objects,misbaha_prayer_beads,Prayer Beads Display (Misbaha),,,"Wood, glass/plastic beads, and cotton thread tassels",,,,Misbaha.jpg,figs/candidate_pool/objects/Misbaha.jpg,bead_necklaces_display,
objects,miswak_chewing_stick,Miswak,,,Dried plant root/twig,CC BY-SA 3.0,Mohammad Hani Badareen,https://commons.wikimedia.org/wiki/File:Miswak_2014.jpg,Miswak_2014.jpg,figs/candidate_pool/objects/Miswak_2014.jpg,cinnamon_bark_stick,
objects,pearl_diving_basket,Pearl-Diving Collection Basket,,,Woven wood rim with cotton mesh netting and braided rope handle,,,,Pearl Diving Basket.jpg,figs/candidate_pool/objects/Pearl Diving Basket.jpg,mesh_fishing_basket,
objects,qanun_zither,Qanun,,,"Wood with mother-of-pearl/bone inlay, metal tuning pegs (visual only — unverified via source)",,,https://www.metmuseum.org/art/collection/search/500957,Qānūn_-_MET_89.4.330.jpg,figs/candidate_pool/objects/Qānūn_-_MET_89.4.330.jpg,santur_dulcimer,
objects,rebaba_spike_fiddle,Rebaba (Rababa),,,"Wood frame with animal-skin resonator face, horsehair bow",,,,Rebaba_image_547.png,figs/candidate_pool/objects/Rebaba_image_547.png,handmade_skin_violin,
objects,rehal_quran_stand,Rehal (Quran Stand),,,Carved/fretwork wood,CC BY-SA 4.0,Safwan sutaji,https://commons.wikimedia.org/wiki/File:Rehal.jpg,Rehal.jpg,figs/candidate_pool/objects/Rehal.jpg,folding_trivet_stand,
objects,electronic_tasbih_counter,Electronic Tasbih Counter,,,Plastic and digital LCD components,,,,Smart_Tasbih.png,figs/candidate_pool/objects/Smart_Tasbih.png,golf_tally_counter,
objects,tasat_ashifa_healing_bowl,Cure/Healing Bowl (Tasat al-Shifa),,,Engraved metal (silver-toned alloy),,,,Tasat_Ashifa.jpg,figs/candidate_pool/objects/Tasat_Ashifa.jpg,brass_handwashing_basin,
objects,striped_ceramic_teapot,Striped Ceramic Teapot,,,Glazed ceramic/porcelain,,,,Tea Pot.webp,figs/candidate_pool/objects/Tea Pot.webp,dallah_coffee_pot,
objects,chewing_stick_dental_twig,Chewing Stick (in use),Botswana,Southern Africa,Digital photograph (low resolution),CC0,Bonolo Nikita Rankaga,https://commons.wikimedia.org/wiki/File:Using_twigs_to_brush_teeth.jpg,Using_twigs_to_brush_teeth.jpg,figs/candidate_pool/objects/Using_twigs_to_brush_teeth.jpg,matchstick_or_toothpick,
objects,white_tasbih_prayer_beads,White Tasbih,,,Glass/plastic pearl beads with silver-tone metal pendant,,,https://www.flickr.com/photos/58963790@N00/911507486,White_Tasbih.jpg,figs/candidate_pool/objects/White_Tasbih.jpg,pearl_necklace,
