task_id,image_id,condition,structure_id,is_control,question_text,options_shown,correct_letter,raw_response,parsed_letter,is_correct,error_type,detail,attempts,latency_s,model_name,provider,reasoning_disabled,prompt_version,temperature,timestamp
architecture_al_faisaliah_tower_f10__mcdr__core,architecture_al_faisaliah_tower_f10,mcdr,mcdr-1,0,كيف يُعرف المبنى الظاهر في الصورة؟,A=برج المملكة | B=مركز الملك عبدالله المالي (كافد) | C=برج خليفة بدبي | D=لا توجد إجابة صحيحة,D,A,A,0,,,1,2.45,qwen/qwen2.5-vl-72b-instruct,openrouter,1,1,0,2026-08-28T13:27:27.999639+00:00
architecture_ithra_screenshot_2023_10_31_111338__mcdr__core,architecture_ithra_screenshot_2023_10_31_111338,mcdr,mcdr-1,0,عرّف المبنى الظاهر في الصورة.,A=متحف اللوفر أبوظبي | B=متحف المستقبل بدبي | C=دار الأوبرا السلطانية بمسقط | D=لا توجد إجابة صحيحة,D,B,B,0,,,1,4.11,qwen/qwen2.5-vl-72b-instruct,openrouter,1,1,0,2026-08-28T13:27:29.680659+00:00
architecture_king_abdullah_financial_district_kafd_k1__mcdr__core,architecture_king_abdullah_financial_district_kafd_k1,mcdr,mcdr-1,0,اذكر اسم المبنى الظاهر في الصورة.,A=مركز دبي المالي العالمي (DIFC) | B=برج المملكة | C=وسط مدينة دبي (داون تاون) | D=لا توجد إجابة صحيحة,D,A,A,0,,,1,4.15,qwen/qwen2.5-vl-72b-instruct,openrouter,1,1,0,2026-08-28T13:27:29.750993+00:00
architecture_king_abdullah_financial_district_kafd_k1__udr__core,architecture_king_abdullah_financial_district_kafd_k1,udr,udr-1,0,اذكر اسم المبنى الظاهر في الصورة.,A=مركز دبي المالي العالمي (DIFC) | B=برج المملكة | C=وسط مدينة دبي (داون تاون),,A,A,0,,,1,4.15,qwen/qwen2.5-vl-72b-instruct,openrouter,1,1,0,2026-08-28T13:27:29.753417+00:00
architecture_king_abdullah_financial_district_kafd_k1__mcdr__control,architecture_king_abdullah_financial_district_kafd_k1,mcdr,mcdr-1,1,اذكر اسم المبنى الظاهر في الصورة.,A=مركز دبي المالي العالمي (DIFC) | B=برج المملكة | C=مركز الملك عبدالله المالي (كافد) | D=لا توجد إجابة صحيحة,C,C,C,1,,,1,4.16,qwen/qwen2.5-vl-72b-instruct,openrouter,1,1,0,2026-08-28T13:27:29.755584+00:00
architecture_al_faisaliah_tower_f10__mcdr__control,architecture_al_faisaliah_tower_f10,mcdr,mcdr-1,1,كيف يُعرف المبنى الظاهر في الصورة؟,A=برج المملكة | B=مركز الملك عبدالله المالي (كافد) | C=برج الفيصلية | D=لا توجد إجابة صحيحة,C,A,A,0,,,1,4.21,qwen/qwen2.5-vl-72b-instruct,openrouter,1,1,0,2026-08-28T13:27:29.755787+00:00
architecture_ibrahim_palace_screenshot_2023_11_16_093330__mcdr__core,architecture_ibrahim_palace_screenshot_2023_11_16_093330,mcdr,mcdr-1,0,عرّف المبنى الظاهر في الصورة.,A=قلعة زعبل بسكاكا (الجوف) | B=قصر المصمك | C=قصر الحكم بالرياض | D=لا توجد إجابة صحيحة,D,A,A,0,,,1,4.47,qwen/qwen2.5-vl-72b-instruct,openrouter,1,1,0,2026-08-28T13:27:30.038057+00:00
architecture_ithra_screenshot_2023_10_31_111338__mcdr__control,architecture_ithra_screenshot_2023_10_31_111338,mcdr,mcdr-1,1,عرّف المبنى الظاهر في الصورة.,A=متحف اللوفر أبوظبي | B=متحف المستقبل بدبي | C=مركز الملك عبدالعزيز الثقافي العالمي (إثراء) | D=لا توجد إجابة صحيحة,C,C,C,1,,,1,4.44,qwen/qwen2.5-vl-72b-instruct,openrouter,1,1,0,2026-08-28T13:27:30.038490+00:00
architecture_diriyah_d12__udr__core,architecture_diriyah_d12,udr,udr-1,0,عرّف المبنى الظاهر في الصورة.,A=قصر المربع التاريخي | B=قصر المصمك | C=قصر إبراهيم بالهفوف,,B,B,0,,,1,4.49,qwen/qwen2.5-vl-72b-instruct,openrouter,1,1,0,2026-08-28T13:27:30.039248+00:00
architecture_hegra_hegra_12__udr__core,architecture_hegra_hegra_12,udr,udr-1,0,ما اسم المبنى الظاهر في الصورة؟,A=البتراء | B=قصر البنت بالعلا | C=آثار جرش بالأردن,,B,B,0,,,1,4.49,qwen/qwen2.5-vl-72b-instruct,openrouter,1,1,0,2026-08-28T13:27:30.047879+00:00
architecture_ibrahim_palace_screenshot_2023_11_16_093330__udr__core,architecture_ibrahim_palace_screenshot_2023_11_16_093330,udr,udr-1,0,عرّف المبنى الظاهر في الصورة.,A=قلعة زعبل بسكاكا (الجوف) | B=قصر المصمك | C=قصر الحكم بالرياض,,A,A,0,,,1,4.48,qwen/qwen2.5-vl-72b-instruct,openrouter,1,1,0,2026-08-28T13:27:30.048159+00:00
architecture_diriyah_d12__mcdr__control,architecture_diriyah_d12,mcdr,mcdr-1,1,عرّف المبنى الظاهر في الصورة.,A=قصر المربع التاريخي | B=قصر المصمك | C=حي الطريف بالدرعية | D=لا توجد إجابة صحيحة,C,C,C,1,,,1,4.5,qwen/qwen2.5-vl-72b-instruct,openrouter,1,1,0,2026-08-28T13:27:30.048327+00:00
architecture_kingdom_tower_mam_13__mcdr__core,architecture_kingdom_tower_mam_13,mcdr,mcdr-1,0,اذكر اسم المبنى الظاهر في الصورة.,A=برج الفيصلية | B=مركز الملك عبدالله المالي (كافد) | C=برج خليفة بدبي | D=لا توجد إجابة صحيحة,D,A,A,0,,,1,4.44,qwen/qwen2.5-vl-72b-instruct,openrouter,1,1,0,2026-08-28T13:27:30.052772+00:00
architecture_al_faisaliah_tower_f10__udr__core,architecture_al_faisaliah_tower_f10,udr,udr-1,0,كيف يُعرف المبنى الظاهر في الصورة؟,A=برج المملكة | B=مركز الملك عبدالله المالي (كافد) | C=برج خليفة بدبي,,A,A,0,,,1,4.51,qwen/qwen2.5-vl-72b-instruct,openrouter,1,1,0,2026-08-28T13:27:30.055259+00:00
architecture_ibrahim_palace_screenshot_2023_11_16_093330__mcdr__control,architecture_ibrahim_palace_screenshot_2023_11_16_093330,mcdr,mcdr-1,1,عرّف المبنى الظاهر في الصورة.,A=قلعة زعبل بسكاكا (الجوف) | B=قصر المصمك | C=قصر إبراهيم بالهفوف | D=لا توجد إجابة صحيحة,C,A,A,0,,,1,4.49,qwen/qwen2.5-vl-72b-instruct,openrouter,1,1,0,2026-08-28T13:27:30.055912+00:00
architecture_ithra_screenshot_2023_10_31_111338__udr__core,architecture_ithra_screenshot_2023_10_31_111338,udr,udr-1,0,عرّف المبنى الظاهر في الصورة.,A=متحف اللوفر أبوظبي | B=متحف المستقبل بدبي | C=دار الأوبرا السلطانية بمسقط,,C,C,0,,,1,4.46,qwen/qwen2.5-vl-72b-instruct,openrouter,1,1,0,2026-08-28T13:27:30.056195+00:00
architecture_al_masmak_palace_masmak_13__udr__core,architecture_al_masmak_palace_masmak_13,udr,udr-1,0,عرّف المبنى الظاهر في الصورة.,A=قصر المربع التاريخي | B=قلعة زعبل بسكاكا (الجوف) | C=قصر إبراهيم بالهفوف,,A,A,0,,,1,4.86,qwen/qwen2.5-vl-72b-instruct,openrouter,1,1,0,2026-08-28T13:27:30.408894+00:00
architecture_kingdom_tower_mam_13__oedr__core,architecture_kingdom_tower_mam_13,oedr,oedr-1,0,اذكر اسم المبنى الظاهر في الصورة.,,,برج المملكة,,1,,,1,4.79,qwen/qwen2.5-vl-72b-instruct,openrouter,1,1,0,2026-08-28T13:27:30.409591+00:00
architecture_hegra_hegra_12__oedr__core,architecture_hegra_hegra_12,oedr,oedr-1,0,ما اسم المبنى الظاهر في الصورة؟,,,مدائن صالح,,1,,,1,4.99,qwen/qwen2.5-vl-72b-instruct,openrouter,1,1,0,2026-08-28T13:27:30.549790+00:00
architecture_kingdom_tower_mam_13__udr__core,architecture_kingdom_tower_mam_13,udr,udr-1,0,اذكر اسم المبنى الظاهر في الصورة.,A=برج الفيصلية | B=مركز الملك عبدالله المالي (كافد) | C=برج خليفة بدبي,,A,A,0,,,1,2.57,qwen/qwen2.5-vl-72b-instruct,openrouter,1,1,0,2026-08-28T13:27:30.566478+00:00
architecture_al_faisaliah_tower_f10__oedr__core,architecture_al_faisaliah_tower_f10,oedr,oedr-1,0,كيف يُعرف المبنى الظاهر في الصورة؟,,,برج المملكة في الرياض,,0,,,1,5.02,qwen/qwen2.5-vl-72b-instruct,openrouter,1,1,0,2026-08-28T13:27:30.566783+00:00
architecture_hegra_hegra_12__mcdr__control,architecture_hegra_hegra_12,mcdr,mcdr-1,1,ما اسم المبنى الظاهر في الصورة؟,A=البتراء | B=قصر البنت بالعلا | C=قصر الفريد (هجر/مدائن صالح)، العلا | D=لا توجد إجابة صحيحة,C,C,C,1,,,1,5.88,qwen/qwen2.5-vl-72b-instruct,openrouter,1,1,0,2026-08-28T13:27:31.443869+00:00
architecture_diriyah_d12__mcdr__core,architecture_diriyah_d12,mcdr,mcdr-1,0,عرّف المبنى الظاهر في الصورة.,A=قصر المربع التاريخي | B=قصر المصمك | C=قصر إبراهيم بالهفوف | D=لا توجد إجابة صحيحة,D,B,B,0,,,1,5.9,qwen/qwen2.5-vl-72b-instruct,openrouter,1,1,0,2026-08-28T13:27:31.444013+00:00
architecture_diriyah_d12__oedr__core,architecture_diriyah_d12,oedr,oedr-1,0,عرّف المبنى الظاهر في الصورة.,,,قصر المصمك,,0,,,1,5.9,qwen/qwen2.5-vl-72b-instruct,openrouter,1,1,0,2026-08-28T13:27:31.446323+00:00
architecture_hegra_hegra_12__mcdr__core,architecture_hegra_hegra_12,mcdr,mcdr-1,0,ما اسم المبنى الظاهر في الصورة؟,A=البتراء | B=قصر البنت بالعلا | C=آثار جرش بالأردن | D=لا توجد إجابة صحيحة,D,B,B,0,,,1,5.9,qwen/qwen2.5-vl-72b-instruct,openrouter,1,1,0,2026-08-28T13:27:31.450150+00:00
architecture_al_masmak_palace_masmak_13__mcdr__control,architecture_al_masmak_palace_masmak_13,mcdr,mcdr-1,1,عرّف المبنى الظاهر في الصورة.,A=قصر المربع التاريخي | B=قلعة زعبل بسكاكا (الجوف) | C=قصر المصمك | D=لا توجد إجابة صحيحة,C,C,C,1,,,1,6.15,qwen/qwen2.5-vl-72b-instruct,openrouter,1,1,0,2026-08-28T13:27:31.694899+00:00
architecture_king_abdullah_financial_district_kafd_k1__oedr__core,architecture_king_abdullah_financial_district_kafd_k1,oedr,oedr-1,0,اذكر اسم المبنى الظاهر في الصورة.,,,لا يوجد خيار صحيح.,,1,,,1,6.1,qwen/qwen2.5-vl-72b-instruct,openrouter,1,1,0,2026-08-28T13:27:31.696091+00:00
architecture_al_masmak_palace_masmak_13__mcdr__core,architecture_al_masmak_palace_masmak_13,mcdr,mcdr-1,0,عرّف المبنى الظاهر في الصورة.,A=قصر المربع التاريخي | B=قلعة زعبل بسكاكا (الجوف) | C=قصر إبراهيم بالهفوف | D=لا توجد إجابة صحيحة,D,A,A,0,,,1,6.15,qwen/qwen2.5-vl-72b-instruct,openrouter,1,1,0,2026-08-28T13:27:31.698330+00:00
architecture_quba_mosque_quba_13__mcdr__control,architecture_quba_mosque_quba_13,mcdr,mcdr-1,1,اذكر اسم المبنى الظاهر في الصورة.,A=مسجد القبلتين | B=المسجد النبوي الشريف | C=مسجد قباء | D=لا توجد إجابة صحيحة,C,A,A,0,,,1,3.68,qwen/qwen2.5-vl-72b-instruct,openrouter,1,1,0,2026-08-28T13:27:33.729934+00:00
architecture_quba_mosque_quba_13__udr__core,architecture_quba_mosque_quba_13,udr,udr-1,0,اذكر اسم المبنى الظاهر في الصورة.,A=مسجد القبلتين | B=المسجد النبوي الشريف | C=مسجد الجمعة بالمدينة,,A,A,0,,,1,3.69,qwen/qwen2.5-vl-72b-instruct,openrouter,1,1,0,2026-08-28T13:27:33.734308+00:00
attire_82693_ensemble__udr__core,attire_82693_ensemble,udr,udr-1,0,اذكر اسم القطعة الظاهرة في الصورة.,A=ثوب سوري احتفالي | B=ثوب بيت لحمي مطرز | C=عباءة نسائية سوداء,,B,B,0,,,1,3.33,qwen/qwen2.5-vl-72b-instruct,openrouter,1,1,0,2026-08-28T13:27:33.734916+00:00
architecture_the_clock_towers_watch_13__mcdr__control,architecture_the_clock_towers_watch_13,mcdr,mcdr-1,1,ما هو المبنى الظاهر في الصورة؟,A=برج خليفة بدبي | B=بيغ بن بلندن | C=أبراج البيت (برج الساعة) بمكة | D=لا توجد إجابة صحيحة,C,C,C,1,,,1,4.08,qwen/qwen2.5-vl-72b-instruct,openrouter,1,1,0,2026-08-28T13:27:34.137787+00:00
architecture_al_masmak_palace_masmak_13__oedr__core,architecture_al_masmak_palace_masmak_13,oedr,oedr-1,0,عرّف المبنى الظاهر في الصورة.,,,قصر المصمك,,1,,,1,9.26,qwen/qwen2.5-vl-72b-instruct,openrouter,1,1,0,2026-08-28T13:27:34.807590+00:00
attire_82693_ensemble__mcdr__control,attire_82693_ensemble,mcdr,mcdr-1,1,اذكر اسم القطعة الظاهرة في الصورة.,A=ثوب سوري احتفالي | B=ثوب بيت لحمي مطرز | C=ثوب فلسطيني بغطاء رأس مطرز | D=لا توجد إجابة صحيحة,C,C,C,1,,,1,4.4,qwen/qwen2.5-vl-72b-instruct,openrouter,1,1,0,2026-08-28T13:27:34.810854+00:00
architecture_quba_mosque_quba_13__mcdr__core,architecture_quba_mosque_quba_13,mcdr,mcdr-1,0,اذكر اسم المبنى الظاهر في الصورة.,A=مسجد القبلتين | B=المسجد النبوي الشريف | C=مسجد الجمعة بالمدينة | D=لا توجد إجابة صحيحة,D,A,A,0,,,1,4.77,qwen/qwen2.5-vl-72b-instruct,openrouter,1,1,0,2026-08-28T13:27:34.812953+00:00
architecture_ibrahim_palace_screenshot_2023_11_16_093330__oedr__core,architecture_ibrahim_palace_screenshot_2023_11_16_093330,oedr,oedr-1,0,عرّف المبنى الظاهر في الصورة.,,,حصن أو قلعة تاريخية.,,1,,,1,9.25,qwen/qwen2.5-vl-72b-instruct,openrouter,1,1,0,2026-08-28T13:27:34.813549+00:00
attire_85620_burnus_selham__mcdr__core,attire_85620_burnus_selham,mcdr,mcdr-1,0,عرّف القطعة الظاهرة في الصورة.,A=جلابة مغربية مخططة بغطاء رأس | B=كيب أو بونشو حديث بغطاء رأس مدمج | C=عباءة بدوية مخططة حمراء | D=لا توجد إجابة صحيحة,D,A,A,0,,,1,4.27,qwen/qwen2.5-vl-72b-instruct,openrouter,1,1,0,2026-08-28T13:27:34.823055+00:00
architecture_nassif_house_museum_naseif_1__oedr__core,architecture_nassif_house_museum_naseif_1,oedr,oedr-1,0,ما الاسم الصحيح للمبنى الظاهر في الصورة؟,,,لا يوجد خيار صحيح,,1,,,1,5.13,qwen/qwen2.5-vl-72b-instruct,openrouter,1,1,0,2026-08-28T13:27:34.883951+00:00
attire_85620_burnus_selham__mcdr__control,attire_85620_burnus_selham,mcdr,mcdr-1,1,عرّف القطعة الظاهرة في الصورة.,A=جلابة مغربية مخططة بغطاء رأس | B=كيب أو بونشو حديث بغطاء رأس مدمج | C=برنوس/سلهام | D=لا توجد إجابة صحيحة,C,A,A,0,,,1,3.44,qwen/qwen2.5-vl-72b-instruct,openrouter,1,1,0,2026-08-28T13:27:34.886637+00:00
architecture_nassif_house_museum_naseif_1__mcdr__control,architecture_nassif_house_museum_naseif_1,mcdr,mcdr-1,1,ما الاسم الصحيح للمبنى الظاهر في الصورة؟,A=بيت الشربتلي التاريخي | B=بيت باناجة بجدة | C=بيت نصيف | D=لا توجد إجابة صحيحة,C,C,C,1,,,1,5.13,qwen/qwen2.5-vl-72b-instruct,openrouter,1,1,0,2026-08-28T13:27:34.886917+00:00
architecture_nassif_house_museum_naseif_1__udr__core,architecture_nassif_house_museum_naseif_1,udr,udr-1,0,ما الاسم الصحيح للمبنى الظاهر في الصورة؟,A=بيت الشربتلي التاريخي | B=بيت باناجة بجدة | C=دار الحكم العثماني بجدة,,B,B,0,,,1,5.13,qwen/qwen2.5-vl-72b-instruct,openrouter,1,1,0,2026-08-28T13:27:34.887346+00:00
attire_86125_palestinian_dolls_thob_al_malek_royal_dress__mcdr__core,attire_86125_palestinian_dolls_thob_al_malek_royal_dress,mcdr,mcdr-1,0,ما الاسم الصحيح للقطعة الظاهرة في الصورة؟,A=ثوب فلسطيني تقليدي عادي | B=ثوب بيت لحمي بالقطن الملكي | C=ثوب أردني بدوي مطرز | D=لا توجد إجابة صحيحة,D,B,B,0,,,1,3.19,qwen/qwen2.5-vl-72b-instruct,openrouter,1,1,0,2026-08-28T13:27:34.888642+00:00
attire_85658_dress__udr__core,attire_85658_dress,udr,udr-1,0,ما هي القطعة الظاهرة في الصورة؟,A=إنتاري عثماني مطرز | B=مشلح خليجي مطرز بالزري | C=ثوب حوراني أسود مطرز,,C,C,0,,,1,3.44,qwen/qwen2.5-vl-72b-instruct,openrouter,1,1,0,2026-08-28T13:27:34.888907+00:00
attire_85658_dress__mcdr__core,attire_85658_dress,mcdr,mcdr-1,0,ما هي القطعة الظاهرة في الصورة؟,A=إنتاري عثماني مطرز | B=مشلح خليجي مطرز بالزري | C=ثوب حوراني أسود مطرز | D=لا توجد إجابة صحيحة,D,C,C,0,,,1,3.75,qwen/qwen2.5-vl-72b-instruct,openrouter,1,1,0,2026-08-28T13:27:35.191470+00:00
attire_86125_palestinian_dolls_thob_al_malek_royal_dress__mcdr__control,attire_86125_palestinian_dolls_thob_al_malek_royal_dress,mcdr,mcdr-1,1,ما الاسم الصحيح للقطعة الظاهرة في الصورة؟,A=ثوب فلسطيني تقليدي عادي | B=ثوب بيت لحمي بالقطن الملكي | C=ثوب الملك الفلسطيني (نموذج دمية) | D=لا توجد إجابة صحيحة,C,C,C,1,,,1,1.46,qwen/qwen2.5-vl-72b-instruct,openrouter,1,1,0,2026-08-28T13:27:35.195103+00:00
attire_86273_abaya_cloak__mcdr__core,attire_86273_abaya_cloak,mcdr,mcdr-1,0,كيف تُعرف القطعة الظاهرة في الصورة؟,A=جاكيت كيمونو متعدد الألوان بأكتاف هندسية | B=بشت رجالي أحمر مخطط | C=دراعة خليجية حمراء | D=لا توجد إجابة صحيحة,D,C,C,0,,,1,1.46,qwen/qwen2.5-vl-72b-instruct,openrouter,1,1,0,2026-08-28T13:27:35.198275+00:00
architecture_quba_mosque_quba_13__oedr__core,architecture_quba_mosque_quba_13,oedr,oedr-1,0,اذكر اسم المبنى الظاهر في الصورة.,,,مسجد قباء,,1,,,1,5.18,qwen/qwen2.5-vl-72b-instruct,openrouter,1,1,0,2026-08-28T13:27:35.220973+00:00
attire_82693_ensemble__oedr__core,attire_82693_ensemble,oedr,oedr-1,0,اذكر اسم القطعة الظاهرة في الصورة.,,,عباءة وشال,,1,,,1,5.21,qwen/qwen2.5-vl-72b-instruct,openrouter,1,1,0,2026-08-28T13:27:35.269362+00:00
architecture_kingdom_tower_mam_13__mcdr__control,architecture_kingdom_tower_mam_13,mcdr,mcdr-1,1,اذكر اسم المبنى الظاهر في الصورة.,A=برج الفيصلية | B=مركز الملك عبدالله المالي (كافد) | C=برج المملكة | D=لا توجد إجابة صحيحة,C,B,B,0,,,1,5.59,qwen/qwen2.5-vl-72b-instruct,openrouter,1,1,0,2026-08-28T13:27:35.270925+00:00
architecture_nassif_house_museum_naseif_1__mcdr__core,architecture_nassif_house_museum_naseif_1,mcdr,mcdr-1,0,ما الاسم الصحيح للمبنى الظاهر في الصورة؟,A=بيت الشربتلي التاريخي | B=بيت باناجة بجدة | C=دار الحكم العثماني بجدة | D=لا توجد إجابة صحيحة,D,B,B,0,,,1,5.56,qwen/qwen2.5-vl-72b-instruct,openrouter,1,1,0,2026-08-28T13:27:35.309957+00:00
attire_82693_ensemble__mcdr__core,attire_82693_ensemble,mcdr,mcdr-1,0,اذكر اسم القطعة الظاهرة في الصورة.,A=ثوب سوري احتفالي | B=ثوب بيت لحمي مطرز | C=عباءة نسائية سوداء | D=لا توجد إجابة صحيحة,D,B,B,0,,,1,5.25,qwen/qwen2.5-vl-72b-instruct,openrouter,1,1,0,2026-08-28T13:27:35.310179+00:00
architecture_ithra_screenshot_2023_10_31_111338__oedr__core,architecture_ithra_screenshot_2023_10_31_111338,oedr,oedr-1,0,عرّف المبنى الظاهر في الصورة.,,,متحف الفن الإسلامي في الدوحة، قطر.,,1,,,1,9.73,qwen/qwen2.5-vl-72b-instruct,openrouter,1,1,0,2026-08-28T13:27:35.310514+00:00
attire_85658_dress__oedr__core,attire_85658_dress,oedr,oedr-1,0,ما هي القطعة الظاهرة في الصورة؟,,,ثوب أو عباية,,1,,,1,3.96,qwen/qwen2.5-vl-72b-instruct,openrouter,1,1,0,2026-08-28T13:27:35.405681+00:00
cuisine_cuisine_of_egypt_03__mcdr__core,cuisine_cuisine_of_egypt_03,mcdr,mcdr-1,0,ما اسم الطبق الظاهر في الصورة؟,A=ملوخية مطحونة نيئة | B=متبل فلفل أخضر | C=غموس أفوكادو | D=لا توجد إجابة صحيحة,D,B,B,0,,,1,1.12,qwen/qwen2.5-vl-72b-instruct,openrouter,1,1,0,2026-08-28T13:27:35.931238+00:00
cuisine_cuisine_of_egypt_03__mcdr__control,cuisine_cuisine_of_egypt_03,mcdr,mcdr-1,1,ما اسم الطبق الظاهر في الصورة؟,A=ملوخية مطحونة نيئة | B=متبل فلفل أخضر | C=بصارة مصرية | D=لا توجد إجابة صحيحة,C,B,B,0,,,1,1.05,qwen/qwen2.5-vl-72b-instruct,openrouter,1,1,0,2026-08-28T13:27:35.935447+00:00
attire_85620_burnus_selham__udr__core,attire_85620_burnus_selham,udr,udr-1,0,عرّف القطعة الظاهرة في الصورة.,A=جلابة مغربية مخططة بغطاء رأس | B=كيب أو بونشو حديث بغطاء رأس مدمج | C=عباءة بدوية مخططة حمراء,,A,A,0,,,1,6.16,qwen/qwen2.5-vl-72b-instruct,openrouter,1,1,0,2026-08-28T13:27:36.725030+00:00
cuisine_cuisine_of_egypt_06__udr__core,cuisine_cuisine_of_egypt_06,udr,udr-1,0,عرّف الطبق الظاهر في الصورة.,A=ملوخية فلسطينية | B=شوربة فول أخضر شامية | C=ملوخية سودانية,,C,C,0,,,1,1.62,qwen/qwen2.5-vl-72b-instruct,openrouter,1,1,0,2026-08-28T13:27:36.819602+00:00
cuisine_cuisine_of_jordan_06__udr__core,cuisine_cuisine_of_jordan_06,udr,udr-1,0,كيف يُعرف الطبق الظاهر في الصورة؟,A=إفطار فلسطيني تقليدي | B=إفطار سوري بالفول والفلافل | C=إفطار لبناني بالمناقيش,,B,B,0,,,1,1.74,qwen/qwen2.5-vl-72b-instruct,openrouter,1,1,0,2026-08-28T13:27:37.009592+00:00
cuisine_cuisine_of_egypt_05__udr__core,cuisine_cuisine_of_egypt_05,udr,udr-1,0,ما هو الطبق الظاهر في الصورة؟,A=لقمة القاضي بجوز الهند | B=زلابية مغطاة بالسكر | C=دونات صغيرة بجوز الهند,,C,C,0,,,1,2.78,qwen/qwen2.5-vl-72b-instruct,openrouter,1,1,0,2026-08-28T13:27:37.670265+00:00
attire_85658_dress__mcdr__control,attire_85658_dress,mcdr,mcdr-1,1,ما هي القطعة الظاهرة في الصورة؟,A=إنتاري عثماني مطرز | B=مشلح خليجي مطرز بالزري | C=فستان مصري أسود بتطريز ذهبي وأحمر | D=لا توجد إجابة صحيحة,C,C,C,1,,,1,5.98,qwen/qwen2.5-vl-72b-instruct,openrouter,1,1,0,2026-08-28T13:27:37.679129+00:00
architecture_the_clock_towers_watch_13__oedr__core,architecture_the_clock_towers_watch_13,oedr,oedr-1,0,ما هو المبنى الظاهر في الصورة؟,,,برج الساعة الملكي في مكة المكرمة.,,1,,,1,7.63,qwen/qwen2.5-vl-72b-instruct,openrouter,1,1,0,2026-08-28T13:27:37.681309+00:00
cuisine_cuisine_of_egypt_06__mcdr__control,cuisine_cuisine_of_egypt_06,mcdr,mcdr-1,1,عرّف الطبق الظاهر في الصورة.,A=ملوخية فلسطينية | B=شوربة فول أخضر شامية | C=ملوخية مصرية بمرق أخضر | D=لا توجد إجابة صحيحة,C,C,C,1,,,1,2.59,qwen/qwen2.5-vl-72b-instruct,openrouter,1,1,0,2026-08-28T13:27:37.785929+00:00
cuisine_cuisine_of_egypt_06__mcdr__core,cuisine_cuisine_of_egypt_06,mcdr,mcdr-1,0,عرّف الطبق الظاهر في الصورة.,A=ملوخية فلسطينية | B=شوربة فول أخضر شامية | C=ملوخية سودانية | D=لا توجد إجابة صحيحة,D,C,C,0,,,1,2.89,qwen/qwen2.5-vl-72b-instruct,openrouter,1,1,0,2026-08-28T13:27:37.786439+00:00
cuisine_cuisine_of_jordan_06__mcdr__control,cuisine_cuisine_of_jordan_06,mcdr,mcdr-1,1,كيف يُعرف الطبق الظاهر في الصورة؟,A=إفطار فلسطيني تقليدي | B=إفطار سوري بالفول والفلافل | C=إفطار أردني (فلافل وفتوش وحمص ومخللات وخبز) | D=لا توجد إجابة صحيحة,C,C,C,1,,,1,2.49,qwen/qwen2.5-vl-72b-instruct,openrouter,1,1,0,2026-08-28T13:27:37.796152+00:00
cuisine_cuisine_of_jordan_06__mcdr__core,cuisine_cuisine_of_jordan_06,mcdr,mcdr-1,0,كيف يُعرف الطبق الظاهر في الصورة؟,A=إفطار فلسطيني تقليدي | B=إفطار سوري بالفول والفلافل | C=إفطار لبناني بالمناقيش | D=لا توجد إجابة صحيحة,D,B,B,0,,,1,2.58,qwen/qwen2.5-vl-72b-instruct,openrouter,1,1,0,2026-08-28T13:27:37.797851+00:00
cuisine_cuisine_of_saudi_arabia_13__udr__core,cuisine_cuisine_of_saudi_arabia_13,udr,udr-1,0,ما هو الطبق الظاهر في الصورة؟,A=مجبوس دجاج | B=مندي دجاج | C=برياني دجاج,,A,A,0,,,1,2.75,qwen/qwen2.5-vl-72b-instruct,openrouter,1,1,0,2026-08-28T13:27:38.155797+00:00
attire_85620_burnus_selham__oedr__core,attire_85620_burnus_selham,oedr,oedr-1,0,عرّف القطعة الظاهرة في الصورة.,,,عباءة,,1,,,1,7.64,qwen/qwen2.5-vl-72b-instruct,openrouter,1,1,0,2026-08-28T13:27:38.204186+00:00
cuisine_cuisine_of_the_united_arab_emirates_02__udr__core,cuisine_cuisine_of_the_united_arab_emirates_02,udr,udr-1,0,ما الاسم الصحيح للطبق الظاهر في الصورة؟,A=دينر كباب تركي ملفوف | B=شاورما لبنانية بخبز صاج | C=بوريتو مكسيكي باللحم,,B,B,0,,,1,1.53,qwen/qwen2.5-vl-72b-instruct,openrouter,1,1,0,2026-08-28T13:27:38.346609+00:00
cuisine_cuisine_of_saudi_arabia_13__mcdr__control,cuisine_cuisine_of_saudi_arabia_13,mcdr,mcdr-1,1,ما هو الطبق الظاهر في الصورة؟,A=مجبوس دجاج | B=مندي دجاج | C=كبسة دجاج | D=لا توجد إجابة صحيحة,C,C,C,1,,,1,2.42,qwen/qwen2.5-vl-72b-instruct,openrouter,1,1,0,2026-08-28T13:27:38.348382+00:00
attire_86125_palestinian_dolls_thob_al_malek_royal_dress__udr__core,attire_86125_palestinian_dolls_thob_al_malek_royal_dress,udr,udr-1,0,ما الاسم الصحيح للقطعة الظاهرة في الصورة؟,A=ثوب فلسطيني تقليدي عادي | B=ثوب بيت لحمي بالقطن الملكي | C=ثوب أردني بدوي مطرز,,B,B,0,,,1,4.7,qwen/qwen2.5-vl-72b-instruct,openrouter,1,1,0,2026-08-28T13:27:38.430593+00:00
attire_86273_abaya_cloak__mcdr__control,attire_86273_abaya_cloak,mcdr,mcdr-1,1,كيف تُعرف القطعة الظاهرة في الصورة؟,A=جاكيت كيمونو متعدد الألوان بأكتاف هندسية | B=بشت رجالي أحمر مخطط | C=عباءة سورية حمراء بخطوط | D=لا توجد إجابة صحيحة,C,C,C,1,,,1,3.62,qwen/qwen2.5-vl-72b-instruct,openrouter,1,1,0,2026-08-28T13:27:38.430867+00:00
cuisine_cuisine_of_egypt_03__udr__core,cuisine_cuisine_of_egypt_03,udr,udr-1,0,ما اسم الطبق الظاهر في الصورة؟,A=ملوخية مطحونة نيئة | B=متبل فلفل أخضر | C=غموس أفوكادو,,C,C,0,,,1,3.84,qwen/qwen2.5-vl-72b-instruct,openrouter,1,1,0,2026-08-28T13:27:38.663011+00:00
cuisine_cuisine_of_egypt_06__oedr__core,cuisine_cuisine_of_egypt_06,oedr,oedr-1,0,عرّف الطبق الظاهر في الصورة.,,,لا يوجد خيار صحيح.,,1,,,1,3.47,qwen/qwen2.5-vl-72b-instruct,openrouter,1,1,0,2026-08-28T13:27:38.665583+00:00
attire_86125_palestinian_dolls_thob_al_malek_royal_dress__oedr__core,attire_86125_palestinian_dolls_thob_al_malek_royal_dress,oedr,oedr-1,0,ما الاسم الصحيح للقطعة الظاهرة في الصورة؟,,,ثوب تقليدي,,1,,,1,7.28,qwen/qwen2.5-vl-72b-instruct,openrouter,1,1,0,2026-08-28T13:27:38.977724+00:00
cuisine_cuisine_of_egypt_05__mcdr__control,cuisine_cuisine_of_egypt_05,mcdr,mcdr-1,1,ما هو الطبق الظاهر في الصورة؟,A=لقمة القاضي بجوز الهند | B=زلابية مغطاة بالسكر | C=حلوى مقلية مغطاة بجوز الهند | D=لا توجد إجابة صحيحة,C,C,C,1,,,1,4.15,qwen/qwen2.5-vl-72b-instruct,openrouter,1,1,0,2026-08-28T13:27:39.034383+00:00
attire_86273_abaya_cloak__oedr__core,attire_86273_abaya_cloak,oedr,oedr-1,0,كيف تُعرف القطعة الظاهرة في الصورة؟,,,ثوب كاكي,,1,,,1,4.9,qwen/qwen2.5-vl-72b-instruct,openrouter,1,1,0,2026-08-28T13:27:39.035148+00:00
attire_86273_abaya_cloak__udr__core,attire_86273_abaya_cloak,udr,udr-1,0,كيف تُعرف القطعة الظاهرة في الصورة؟,A=جاكيت كيمونو متعدد الألوان بأكتاف هندسية | B=بشت رجالي أحمر مخطط | C=دراعة خليجية حمراء,,C,C,0,,,1,4.23,qwen/qwen2.5-vl-72b-instruct,openrouter,1,1,0,2026-08-28T13:27:39.036373+00:00
cuisine_cuisine_of_the_united_arab_emirates_08__udr__core,cuisine_cuisine_of_the_united_arab_emirates_08,udr,udr-1,0,ما هو الطبق الظاهر في الصورة؟,A=مشاوي سعودية مشكلة | B=مشاوي لبنانية مشكلة | C=مشاوي تركية مشكلة,,C,C,0,,,1,1.67,qwen/qwen2.5-vl-72b-instruct,openrouter,1,1,0,2026-08-28T13:27:39.349965+00:00
cuisine_cuisine_of_egypt_05__mcdr__core,cuisine_cuisine_of_egypt_05,mcdr,mcdr-1,0,ما هو الطبق الظاهر في الصورة؟,A=لقمة القاضي بجوز الهند | B=زلابية مغطاة بالسكر | C=دونات صغيرة بجوز الهند | D=لا توجد إجابة صحيحة,D,A,A,0,,,1,4.55,qwen/qwen2.5-vl-72b-instruct,openrouter,1,1,0,2026-08-28T13:27:39.438877+00:00
architecture_the_clock_towers_watch_13__udr__core,architecture_the_clock_towers_watch_13,udr,udr-1,0,ما هو المبنى الظاهر في الصورة؟,A=برج خليفة بدبي | B=بيغ بن بلندن | C=المسجد الحرام,,C,C,0,,,1,9.96,qwen/qwen2.5-vl-72b-instruct,openrouter,1,1,0,2026-08-28T13:27:40.011050+00:00
cuisine_cuisine_of_egypt_05__oedr__core,cuisine_cuisine_of_egypt_05,oedr,oedr-1,0,ما هو الطبق الظاهر في الصورة؟,,,لا يوجد خيار صحيح,,1,,,1,5.14,qwen/qwen2.5-vl-72b-instruct,openrouter,1,1,0,2026-08-28T13:27:40.031574+00:00
cuisine_cuisine_of_the_united_arab_emirates_02__mcdr__core,cuisine_cuisine_of_the_united_arab_emirates_02,mcdr,mcdr-1,0,ما الاسم الصحيح للطبق الظاهر في الصورة؟,A=دينر كباب تركي ملفوف | B=شاورما لبنانية بخبز صاج | C=بوريتو مكسيكي باللحم | D=لا توجد إجابة صحيحة,D,B,B,0,,,1,4.15,qwen/qwen2.5-vl-72b-instruct,openrouter,1,1,0,2026-08-28T13:27:40.081157+00:00
cuisine_cuisine_of_saudi_arabia_13__oedr__core,cuisine_cuisine_of_saudi_arabia_13,oedr,oedr-1,0,ما هو الطبق الظاهر في الصورة؟,,,منسف,,1,,,1,4.89,qwen/qwen2.5-vl-72b-instruct,openrouter,1,1,0,2026-08-28T13:27:40.201527+00:00
script_diwani_dwn12__mcdr__control,script_diwani_dwn12,mcdr,mcdr-1,1,كيف يُعرف الخط الظاهر في الصورة؟,A=خط الثلث | B=الخط الكوفي المزهر | C=خط ديواني | D=لا توجد إجابة صحيحة,C,C,C,1,,,1,1.23,qwen/qwen2.5-vl-72b-instruct,openrouter,1,1,0,2026-08-28T13:27:40.207107+00:00
cuisine_cuisine_of_the_united_arab_emirates_08__mcdr__core,cuisine_cuisine_of_the_united_arab_emirates_08,mcdr,mcdr-1,0,ما هو الطبق الظاهر في الصورة؟,A=مشاوي سعودية مشكلة | B=مشاوي لبنانية مشكلة | C=مشاوي تركية مشكلة | D=لا توجد إجابة صحيحة,D,C,C,0,,,1,2.56,qwen/qwen2.5-vl-72b-instruct,openrouter,1,1,0,2026-08-28T13:27:40.231689+00:00
cuisine_cuisine_of_jordan_06__oedr__core,cuisine_cuisine_of_jordan_06,oedr,oedr-1,0,كيف يُعرف الطبق الظاهر في الصورة؟,,,لا يوجد خيار صحيح,,1,,,1,4.98,qwen/qwen2.5-vl-72b-instruct,openrouter,1,1,0,2026-08-28T13:27:40.252474+00:00
architecture_the_clock_towers_watch_13__mcdr__core,architecture_the_clock_towers_watch_13,mcdr,mcdr-1,0,ما هو المبنى الظاهر في الصورة؟,A=برج خليفة بدبي | B=بيغ بن بلندن | C=المسجد الحرام | D=لا توجد إجابة صحيحة,D,D,D,1,,,1,10.24,qwen/qwen2.5-vl-72b-instruct,openrouter,1,1,0,2026-08-28T13:27:40.288964+00:00
cuisine_cuisine_of_egypt_03__oedr__core,cuisine_cuisine_of_egypt_03,oedr,oedr-1,0,ما اسم الطبق الظاهر في الصورة؟,,,لا يوجد خيار صحيح,,1,,,1,5.56,qwen/qwen2.5-vl-72b-instruct,openrouter,1,1,0,2026-08-28T13:27:40.376533+00:00
script_nastaliq_nas51__udr__core,script_nastaliq_nas51,udr,udr-1,0,ما هو الخط الظاهر في الصورة؟,A=خط ديواني | B=خط الثلث | C=خط الرقعة,,B,B,0,,,1,0.93,qwen/qwen2.5-vl-72b-instruct,openrouter,1,1,0,2026-08-28T13:27:40.963274+00:00
script_nastaliq_nas51__oedr__core,script_nastaliq_nas51,oedr,oedr-1,0,ما هو الخط الظاهر في الصورة؟,,,لا يوجد خيار صحيح.,,1,,,1,1.3,qwen/qwen2.5-vl-72b-instruct,openrouter,1,1,0,2026-08-28T13:27:41.309321+00:00
script_thuluth_5_4__mcdr__core,script_thuluth_5_4,mcdr,mcdr-1,0,كيف يُعرف الخط الظاهر في الصورة؟,A=خط ديواني | B=الخط الكوفي المزخرف | C=خط الطغراء العثماني | D=لا توجد إجابة صحيحة,D,B,B,0,,,1,2.1,qwen/qwen2.5-vl-72b-instruct,openrouter,1,1,0,2026-08-28T13:27:42.385919+00:00
cuisine_cuisine_of_the_united_arab_emirates_02__mcdr__control,cuisine_cuisine_of_the_united_arab_emirates_02,mcdr,mcdr-1,1,ما الاسم الصحيح للطبق الظاهر في الصورة؟,A=دينر كباب تركي ملفوف | B=شاورما لبنانية بخبز صاج | C=لفائف شاورما إماراتية | D=لا توجد إجابة صحيحة,C,B,B,0,,,1,5.44,qwen/qwen2.5-vl-72b-instruct,openrouter,1,1,0,2026-08-28T13:27:42.447252+00:00
script_thuluth_5_4__mcdr__control,script_thuluth_5_4,mcdr,mcdr-1,1,كيف يُعرف الخط الظاهر في الصورة؟,A=خط ديواني | B=الخط الكوفي المزخرف | C=خط الثلث | D=لا توجد إجابة صحيحة,C,B,B,0,,,1,1.91,qwen/qwen2.5-vl-72b-instruct,openrouter,1,1,0,2026-08-28T13:27:43.219294+00:00
script_thuluth_5_4__oedr__core,script_thuluth_5_4,oedr,oedr-1,0,كيف يُعرف الخط الظاهر في الصورة؟,,,الخط العربي,,1,,,1,4.14,qwen/qwen2.5-vl-72b-instruct,openrouter,1,1,0,2026-08-28T13:27:44.517310+00:00
cuisine_cuisine_of_saudi_arabia_13__mcdr__core,cuisine_cuisine_of_saudi_arabia_13,mcdr,mcdr-1,0,ما هو الطبق الظاهر في الصورة؟,A=مجبوس دجاج | B=مندي دجاج | C=برياني دجاج | D=لا توجد إجابة صحيحة,D,B,B,0,,,2,0.7,qwen/qwen2.5-vl-72b-instruct,openrouter,1,1,0,2026-08-28T13:27:45.624715+00:00
cuisine_cuisine_of_the_united_arab_emirates_08__oedr__core,cuisine_cuisine_of_the_united_arab_emirates_08,oedr,oedr-1,0,ما هو الطبق الظاهر في الصورة؟,,,الطعام المطبوخ,,1,,,1,8.1,qwen/qwen2.5-vl-72b-instruct,openrouter,1,1,0,2026-08-28T13:27:45.779615+00:00
cuisine_levantine_cuisine_03__mcdr__core,cuisine_levantine_cuisine_03,mcdr,mcdr-1,0,كيف يُعرف الطبق الظاهر في الصورة؟,A=كفتة بصلصة الرمان | B=كبة داوود باشا | C=كفتة تركية بصلصة طماطم | D=لا توجد إجابة صحيحة,D,A,A,0,,,1,8.53,qwen/qwen2.5-vl-72b-instruct,openrouter,1,1,0,2026-08-28T13:27:46.311915+00:00
cuisine_cuisine_of_the_united_arab_emirates_08__mcdr__control,cuisine_cuisine_of_the_united_arab_emirates_08,mcdr,mcdr-1,1,ما هو الطبق الظاهر في الصورة؟,A=مشاوي سعودية مشكلة | B=مشاوي لبنانية مشكلة | C=مشاوي مشكلة إماراتية مع أرز | D=لا توجد إجابة صحيحة,C,B,B,0,,,1,9.02,qwen/qwen2.5-vl-72b-instruct,openrouter,1,1,0,2026-08-28T13:27:46.802578+00:00
cuisine_levantine_cuisine_03__oedr__core,cuisine_levantine_cuisine_03,oedr,oedr-1,0,كيف يُعرف الطبق الظاهر في الصورة؟,,,لا يوجد خيار صحيح,,1,,,1,9.01,qwen/qwen2.5-vl-72b-instruct,openrouter,1,1,0,2026-08-28T13:27:46.805202+00:00
cuisine_levantine_cuisine_10__udr__core,cuisine_levantine_cuisine_10,udr,udr-1,0,ما الاسم الصحيح للطبق الظاهر في الصورة؟,A=كبة مقلية | B=كفتة مقلية بيضاوية | C=سمبوسة لحم مقلية,,B,B,0,,,1,8.63,qwen/qwen2.5-vl-72b-instruct,openrouter,1,1,0,2026-08-28T13:27:46.980713+00:00
cuisine_levantine_cuisine_10__oedr__core,cuisine_levantine_cuisine_10,oedr,oedr-1,0,ما الاسم الصحيح للطبق الظاهر في الصورة؟,,,لا يوجد خيار صحيح,,1,,,1,8.64,qwen/qwen2.5-vl-72b-instruct,openrouter,1,1,0,2026-08-28T13:27:46.986459+00:00
script_diwani_dwn12__udr__core,script_diwani_dwn12,udr,udr-1,0,كيف يُعرف الخط الظاهر في الصورة؟,A=خط الثلث | B=الخط الكوفي المزهر | C=خط الطغراء العثماني,,A,A,0,,,1,8.32,qwen/qwen2.5-vl-72b-instruct,openrouter,1,1,0,2026-08-28T13:27:46.990696+00:00
script_naskh_1_266__mcdr__core,script_naskh_1_266,mcdr,mcdr-1,0,كيف يُعرف الخط الظاهر في الصورة؟,A=خط الرقعة | B=خط الثلث | C=الخط الفارسي (التعليق) | D=لا توجد إجابة صحيحة,D,B,B,0,,,1,8.48,qwen/qwen2.5-vl-72b-instruct,openrouter,1,1,0,2026-08-28T13:27:47.515800+00:00
script_nastaliq_nas51__mcdr__core,script_nastaliq_nas51,mcdr,mcdr-1,0,ما هو الخط الظاهر في الصورة؟,A=خط ديواني | B=خط الثلث | C=خط الرقعة | D=لا توجد إجابة صحيحة,D,B,B,0,,,1,8.43,qwen/qwen2.5-vl-72b-instruct,openrouter,1,1,0,2026-08-28T13:27:47.867997+00:00
cuisine_cuisine_of_the_united_arab_emirates_02__oedr__core,cuisine_cuisine_of_the_united_arab_emirates_02,oedr,oedr-1,0,ما الاسم الصحيح للطبق الظاهر في الصورة؟,,,,,0,empty_response,,1,11.32,qwen/qwen2.5-vl-72b-instruct,openrouter,1,1,0,2026-08-28T13:27:48.045081+00:00
script_ruqah_ruq26__mcdr__core,script_ruqah_ruq26,mcdr,mcdr-1,0,ما اسم الخط الظاهر في الصورة؟,A=خط النسخ | B=الخط الفارسي (التعليق) | C=خط الثلث | D=لا توجد إجابة صحيحة,D,B,B,0,,,1,7.85,qwen/qwen2.5-vl-72b-instruct,openrouter,1,1,0,2026-08-28T13:27:48.054644+00:00
script_naskh_1_266__mcdr__control,script_naskh_1_266,mcdr,mcdr-1,1,كيف يُعرف الخط الظاهر في الصورة؟,A=خط الرقعة | B=خط الثلث | C=خط النسخ | D=لا توجد إجابة صحيحة,C,B,B,0,,,1,9.08,qwen/qwen2.5-vl-72b-instruct,openrouter,1,1,0,2026-08-28T13:27:48.430127+00:00
script_ruqah_ruq26__oedr__core,script_ruqah_ruq26,oedr,oedr-1,0,ما اسم الخط الظاهر في الصورة؟,,,لا يوجد خيار صحيح,,1,,,1,8.56,qwen/qwen2.5-vl-72b-instruct,openrouter,1,1,0,2026-08-28T13:27:48.767674+00:00
cuisine_levantine_cuisine_10__mcdr__core,cuisine_levantine_cuisine_10,mcdr,mcdr-1,0,ما الاسم الصحيح للطبق الظاهر في الصورة؟,A=كبة مقلية | B=كفتة مقلية بيضاوية | C=سمبوسة لحم مقلية | D=لا توجد إجابة صحيحة,D,,,0,empty_response,,1,10.73,qwen/qwen2.5-vl-72b-instruct,openrouter,1,1,0,2026-08-28T13:27:48.931325+00:00
script_diwani_dwn12__oedr__core,script_diwani_dwn12,oedr,oedr-1,0,كيف يُعرف الخط الظاهر في الصورة؟,,,خط الثلث,,0,,,2,0.96,qwen/qwen2.5-vl-72b-instruct,openrouter,1,1,0,2026-08-28T13:27:48.945491+00:00
script_ruqah_ruq26__udr__core,script_ruqah_ruq26,udr,udr-1,0,ما اسم الخط الظاهر في الصورة؟,A=خط النسخ | B=الخط الفارسي (التعليق) | C=خط الثلث,,B,B,0,,,1,8.88,qwen/qwen2.5-vl-72b-instruct,openrouter,1,1,0,2026-08-28T13:27:49.111730+00:00
cuisine_levantine_cuisine_10__mcdr__control,cuisine_levantine_cuisine_10,mcdr,mcdr-1,1,ما الاسم الصحيح للطبق الظاهر في الصورة؟,A=كبة مقلية | B=كفتة مقلية بيضاوية | C=كباب الكرز | D=لا توجد إجابة صحيحة,C,D,D,0,,,2,0.96,qwen/qwen2.5-vl-72b-instruct,openrouter,1,1,0,2026-08-28T13:27:49.289343+00:00
script_diwani_dwn12__mcdr__core,script_diwani_dwn12,mcdr,mcdr-1,0,كيف يُعرف الخط الظاهر في الصورة؟,A=خط الثلث | B=الخط الكوفي المزهر | C=خط الطغراء العثماني | D=لا توجد إجابة صحيحة,D,A,A,0,,,2,1.45,qwen/qwen2.5-vl-72b-instruct,openrouter,1,1,0,2026-08-28T13:27:49.467109+00:00
cuisine_levantine_cuisine_03__udr__core,cuisine_levantine_cuisine_03,udr,udr-1,0,كيف يُعرف الطبق الظاهر في الصورة؟,A=كفتة بصلصة الرمان | B=كبة داوود باشا | C=كفتة تركية بصلصة طماطم,,A,A,0,,,2,1.14,qwen/qwen2.5-vl-72b-instruct,openrouter,1,1,0,2026-08-28T13:27:49.609131+00:00
cuisine_levantine_cuisine_03__mcdr__control,cuisine_levantine_cuisine_03,mcdr,mcdr-1,1,كيف يُعرف الطبق الظاهر في الصورة؟,A=كفتة بصلصة الرمان | B=كبة داوود باشا | C=كبة الكرز الحلبية | D=لا توجد إجابة صحيحة,C,,,0,empty_response,,1,11.75,qwen/qwen2.5-vl-72b-instruct,openrouter,1,1,0,2026-08-28T13:27:49.908356+00:00
script_naskh_1_266__udr__core,script_naskh_1_266,udr,udr-1,0,كيف يُعرف الخط الظاهر في الصورة؟,A=خط الرقعة | B=خط الثلث | C=الخط الفارسي (التعليق),,B,B,0,,,2,1.27,qwen/qwen2.5-vl-72b-instruct,openrouter,1,1,0,2026-08-28T13:27:49.981657+00:00
script_nastaliq_nas51__mcdr__control,script_nastaliq_nas51,mcdr,mcdr-1,1,ما هو الخط الظاهر في الصورة؟,A=خط ديواني | B=خط الثلث | C=خط فارسي (تعليق) | D=لا توجد إجابة صحيحة,C,C,C,1,,,2,0.64,qwen/qwen2.5-vl-72b-instruct,openrouter,1,1,0,2026-08-28T13:27:50.597942+00:00
script_naskh_1_266__oedr__core,script_naskh_1_266,oedr,oedr-1,0,كيف يُعرف الخط الظاهر في الصورة؟,,,خط الثلث,,0,,,2,1.06,qwen/qwen2.5-vl-72b-instruct,openrouter,1,1,0,2026-08-28T13:27:50.616976+00:00
script_ruqah_ruq26__mcdr__control,script_ruqah_ruq26,mcdr,mcdr-1,1,ما اسم الخط الظاهر في الصورة؟,A=خط النسخ | B=الخط الفارسي (التعليق) | C=خط الرقعة | D=لا توجد إجابة صحيحة,C,B,B,0,,,2,0.86,qwen/qwen2.5-vl-72b-instruct,openrouter,1,1,0,2026-08-28T13:27:51.132246+00:00
script_thuluth_5_4__udr__core,script_thuluth_5_4,udr,udr-1,0,كيف يُعرف الخط الظاهر في الصورة؟,A=خط ديواني | B=الخط الكوفي المزخرف | C=خط الطغراء العثماني,,C,C,0,,,2,2.83,qwen/qwen2.5-vl-72b-instruct,openrouter,1,1,0,2026-08-28T13:27:54.199483+00:00
cuisine_cuisine_of_the_united_arab_emirates_02__oedr__core,cuisine_cuisine_of_the_united_arab_emirates_02,oedr,oedr-1,0,ما الاسم الصحيح للطبق الظاهر في الصورة؟,,,شوارما,,1,,,1,2.14,qwen/qwen2.5-vl-72b-instruct,openrouter,1,1,0,2026-08-28T13:28:37.862930+00:00
cuisine_levantine_cuisine_10__mcdr__core,cuisine_levantine_cuisine_10,mcdr,mcdr-1,0,ما الاسم الصحيح للطبق الظاهر في الصورة؟,A=كبة مقلية | B=كفتة مقلية بيضاوية | C=سمبوسة لحم مقلية | D=لا توجد إجابة صحيحة,D,D,D,1,,,1,5.53,qwen/qwen2.5-vl-72b-instruct,openrouter,1,1,0,2026-08-28T13:28:41.251112+00:00
cuisine_levantine_cuisine_03__mcdr__control,cuisine_levantine_cuisine_03,mcdr,mcdr-1,1,كيف يُعرف الطبق الظاهر في الصورة؟,A=كفتة بصلصة الرمان | B=كبة داوود باشا | C=كبة الكرز الحلبية | D=لا توجد إجابة صحيحة,C,A,A,0,,,1,5.7,qwen/qwen2.5-vl-72b-instruct,openrouter,1,1,0,2026-08-28T13:28:41.421501+00:00
