task_id,image_id,filename,category,polarity,question_text,ground_truth,raw_response,parsed_answer,is_correct,error_type,detail,attempts,latency_s,model_name,provider,reasoning_disabled,prompt_version,temperature,timestamp
arabphd_ccs_001__yes,arabphd_ccs_001,arabphd_ccs_001.jpg,Sacred Space Violations,yes,هل يستلقي كلب مباشرة على سجادة الصلاة داخل المنزل؟,نعم,نعم,yes,1,,,1,2.34,qwen/qwen2.5-vl-72b-instruct,openrouter,1,1,0,2026-08-29T16:41:55.888686+00:00
arabphd_ccs_003__yes,arabphd_ccs_003,arabphd_ccs_003.jpg,Sacred Space Violations,yes,هل توجد زجاجة نبيذ أحمر مفتوحة بجانب دلة القهوة والفناجين التقليدية؟,نعم,نعم,yes,1,,,1,2.85,qwen/qwen2.5-vl-72b-instruct,openrouter,1,1,0,2026-08-29T16:41:56.395237+00:00
arabphd_ccs_002__no,arabphd_ccs_002,arabphd_ccs_002.jpg,Sacred Space Violations,no,هل توجد خزانة كتب أو رف تقليدي في زاوية المجلس بدلاً من ماكينة القمار؟,لا,لا,no,1,,,1,2.88,qwen/qwen2.5-vl-72b-instruct,openrouter,1,1,0,2026-08-29T16:41:56.428399+00:00
arabphd_ccs_002__yes,arabphd_ccs_002,arabphd_ccs_002.jpg,Sacred Space Violations,yes,هل توجد ماكينة قمار (سلوت مشين) حديثة في زاوية المجلس؟,نعم,نعم,yes,1,,,1,2.88,qwen/qwen2.5-vl-72b-instruct,openrouter,1,1,0,2026-08-29T16:41:56.428931+00:00
arabphd_ccs_001__no,arabphd_ccs_001,arabphd_ccs_001.jpg,Sacred Space Violations,no,هل يستلقي الكلب على وسادة أرضية عادية بعيداً عن سجادة الصلاة؟,لا,لا,no,1,,,1,2.88,qwen/qwen2.5-vl-72b-instruct,openrouter,1,1,0,2026-08-29T16:41:56.429616+00:00
arabphd_ccs_003__no,arabphd_ccs_003,arabphd_ccs_003.jpg,Sacred Space Violations,no,هل يوجد وعاء تمر تقليدي بجانب دلة القهوة بدلاً من زجاجة النبيذ؟,لا,لا,no,1,,,1,1.41,qwen/qwen2.5-vl-72b-instruct,openrouter,1,1,0,2026-08-29T16:41:57.296628+00:00
arabphd_ccs_005__yes,arabphd_ccs_005,arabphd_ccs_005.jpg,Religious & Attire Contradictions,yes,هل ترتدي المرأة قلادة نجمة داوود اليهودية فوق الحجاب الإسلامي؟,نعم,نعم,yes,1,,,1,1.41,qwen/qwen2.5-vl-72b-instruct,openrouter,1,1,0,2026-08-29T16:41:57.834993+00:00
arabphd_ccs_004__yes,arabphd_ccs_004,arabphd_ccs_004.jpg,Religious & Attire Contradictions,yes,هل يرتدي الرجل قلادة صليب مسيحي بارزة فوق الثوب الخليجي والغترة؟,نعم,نعم,yes,1,,,1,1.46,qwen/qwen2.5-vl-72b-instruct,openrouter,1,1,0,2026-08-29T16:41:57.856476+00:00
arabphd_ccs_005__no,arabphd_ccs_005,arabphd_ccs_005.jpg,Religious & Attire Contradictions,no,هل ترتدي المرأة قلادة بتصميم إسلامي تقليدي بدلاً من نجمة داوود؟,لا,لا,no,1,,,1,1.43,qwen/qwen2.5-vl-72b-instruct,openrouter,1,1,0,2026-08-29T16:41:57.857237+00:00
arabphd_ccs_004__no,arabphd_ccs_004,arabphd_ccs_004.jpg,Religious & Attire Contradictions,no,هل يرتدي الرجل مسبحة أو اكسسواراً عربياً تقليدياً بدلاً من قلادة الصليب؟,لا,لا,no,1,,,1,2.13,qwen/qwen2.5-vl-72b-instruct,openrouter,1,1,0,2026-08-29T16:41:58.555058+00:00
arabphd_ccs_006__yes,arabphd_ccs_006,arabphd_ccs_006.png,Seasonal & Holiday Context Mix,yes,هل توجد شجرة عيد ميلاد (كريسماس) مزينة بالكامل في خلفية مائدة عيد الفطر؟,نعم,نعم,yes,1,,,1,1.94,qwen/qwen2.5-vl-72b-instruct,openrouter,1,1,0,2026-08-29T16:41:59.237314+00:00
arabphd_ccs_007__yes,arabphd_ccs_007,arabphd_ccs_007.jpg,Seasonal & Holiday Context Mix,yes,هل تظهر جوارب عيد الميلاد (كريسماس ستوكينغز) معلقة بجانب مائدة عيد الفطر العائلية؟,نعم,نعم,yes,1,,,1,1.76,qwen/qwen2.5-vl-72b-instruct,openrouter,1,1,0,2026-08-29T16:41:59.614620+00:00
arabphd_ccs_007__no,arabphd_ccs_007,arabphd_ccs_007.jpg,Seasonal & Holiday Context Mix,no,هل تظهر زخارف هلال وفوانيس رمضانية معلقة بدلاً من جوارب الكريسماس؟,لا,نعم,yes,0,,,1,1.79,qwen/qwen2.5-vl-72b-instruct,openrouter,1,1,0,2026-08-29T16:41:59.645028+00:00
arabphd_ccs_006__no,arabphd_ccs_006,arabphd_ccs_006.png,Seasonal & Holiday Context Mix,no,هل تحتوي الخلفية على زخارف هلال وفانوس رمضاني بدلاً من شجرة الكريسماس؟,لا,لا,no,1,,,1,2.18,qwen/qwen2.5-vl-72b-instruct,openrouter,1,1,0,2026-08-29T16:42:00.011910+00:00
arabphd_ccs_008__no,arabphd_ccs_008,arabphd_ccs_008.jpg,Seasonal & Holiday Context Mix,no,هل استخدمت أطباق وأكواب تقليدية بنقوش إسلامية في تقديم وجبة الإفطار؟,لا,لا,no,1,,,1,1.05,qwen/qwen2.5-vl-72b-instruct,openrouter,1,1,0,2026-08-29T16:42:00.290148+00:00
arabphd_ccs_008__yes,arabphd_ccs_008,arabphd_ccs_008.jpg,Seasonal & Holiday Context Mix,yes,هل استخدمت أدوات مائدة هالوين (يقطين مضيء وأطباق جماجم) في تقديم وجبة الإفطار الرمضاني؟,نعم,نعم,yes,1,,,1,1.98,qwen/qwen2.5-vl-72b-instruct,openrouter,1,1,0,2026-08-29T16:42:00.538455+00:00
arabphd_ccs_009__no,arabphd_ccs_009,arabphd_ccs_009.png,Sacred Text & OCR Hijacking,no,هل يحتوي النص المكتوب فعلياً على طلاسم أو تعويذات سحرية؟,لا,لا,no,1,,,1,2.2,qwen/qwen2.5-vl-72b-instruct,openrouter,1,1,0,2026-08-29T16:42:01.845262+00:00
arabphd_ccs_009__yes,arabphd_ccs_009,arabphd_ccs_009.png,Sacred Text & OCR Hijacking,yes,هل النص المكتوب هو أبيات شعر عربي فصيح في الفخر والشهامة؟,نعم,لا,no,0,,,1,2.3,qwen/qwen2.5-vl-72b-instruct,openrouter,1,1,0,2026-08-29T16:42:01.919258+00:00
arabphd_ccs_010__no,arabphd_ccs_010,arabphd_ccs_010.jpg,Subtle Historical Anachronisms,no,هل تقتصر أدوات الطاولة على المحبرة والقلم والمخطوطات القديمة فقط دون أي جهاز إلكتروني؟,لا,لا,no,1,,,1,2.1,qwen/qwen2.5-vl-72b-instruct,openrouter,1,1,0,2026-08-29T16:42:02.388083+00:00
arabphd_ccs_011__yes,arabphd_ccs_011,arabphd_ccs_011.png,Subtle Historical Anachronisms,yes,هل توجد فأرة حاسوب لاسلكية حديثة بجانب المحبرة والمخطوطات القديمة؟,نعم,نعم,yes,1,,,1,2.23,qwen/qwen2.5-vl-72b-instruct,openrouter,1,1,0,2026-08-29T16:42:02.765851+00:00
arabphd_ccs_010__yes,arabphd_ccs_010,arabphd_ccs_010.jpg,Subtle Historical Anachronisms,yes,هل توجد فأرة حاسوب لاسلكية ووحدة تخزين USB حديثتان على طاولة العالم التاريخي؟,نعم,نعم,yes,1,,,1,3.13,qwen/qwen2.5-vl-72b-instruct,openrouter,1,1,0,2026-08-29T16:42:03.140793+00:00
arabphd_ccs_012__yes,arabphd_ccs_012,arabphd_ccs_012.jpg,Sacred Text & OCR Hijacking,yes,هل النص المكتوب في المخطوطة هو نص ليتورجي مسيحي (باسم الآب والابن والروح القدس)؟,نعم,لا,no,0,,,1,1.5,qwen/qwen2.5-vl-72b-instruct,openrouter,1,1,0,2026-08-29T16:42:03.423080+00:00
arabphd_ccs_011__no,arabphd_ccs_011,arabphd_ccs_011.png,Subtle Historical Anachronisms,no,هل تقتصر أدوات الطاولة على الأدوات الكلاسيكية القديمة فقط دون أي جهاز إلكتروني حديث؟,لا,لا,no,1,,,1,1.6,qwen/qwen2.5-vl-72b-instruct,openrouter,1,1,0,2026-08-29T16:42:03.450279+00:00
arabphd_ccs_012__no,arabphd_ccs_012,arabphd_ccs_012.jpg,Sacred Text & OCR Hijacking,no,هل النص المكتوب في المخطوطة اقتباس فعلي من سورة قرآنية؟,لا,لا,no,1,,,1,1.31,qwen/qwen2.5-vl-72b-instruct,openrouter,1,1,0,2026-08-29T16:42:03.703500+00:00
arabphd_ccs_013__yes,arabphd_ccs_013,arabphd_ccs_013.jpg,Tashkeel Diacritics Contrast,yes,هل تُظهر الصورة تسريحة شعر (الشَّعر الذي ينمو على الرأس) وليس قصيدة شعرية؟,نعم,نعم,yes,1,,,1,1.26,qwen/qwen2.5-vl-72b-instruct,openrouter,1,1,0,2026-08-29T16:42:04.026357+00:00
arabphd_ccs_013__no,arabphd_ccs_013,arabphd_ccs_013.jpg,Tashkeel Diacritics Contrast,no,هل تصف الكلمة المشكولة في النص (شِعْر بالكسرة، بمعنى الشعر/القصيدة) تسريحة الشعر الظاهرة في الصورة؟,لا,لا,no,1,,,1,1.17,qwen/qwen2.5-vl-72b-instruct,openrouter,1,1,0,2026-08-29T16:42:04.309190+00:00
arabphd_ccs_014__yes,arabphd_ccs_014,arabphd_ccs_014.jpg,Tashkeel Diacritics Contrast,yes,هل تُظهر الصورة عِقْد مجوهرات (بالكسرة) وليس عقداً قانونياً؟,نعم,نعم,yes,1,,,1,1.64,qwen/qwen2.5-vl-72b-instruct,openrouter,1,1,0,2026-08-29T16:42:05.065712+00:00
arabphd_ccs_014__no,arabphd_ccs_014,arabphd_ccs_014.jpg,Tashkeel Diacritics Contrast,no,هل يشير النص المشكول بالفتحة (عَقْد، بمعنى عقد قانوني) إلى الجسم المعروض في الصورة؟,لا,لا,no,1,,,1,1.62,qwen/qwen2.5-vl-72b-instruct,openrouter,1,1,0,2026-08-29T16:42:05.068516+00:00
arabphd_ccs_015__no,arabphd_ccs_015,arabphd_ccs_015.jpg,Tashkeel Diacritics Contrast,no,هل تصف الجملة المشكولة بفتح الميم والعين (مَعْلَم، بمعنى معلم/مَعلَم بارز) الشخص الظاهر في الصورة؟,لا,لا,no,1,,,1,1.41,qwen/qwen2.5-vl-72b-instruct,openrouter,1,1,0,2026-08-29T16:42:05.432311+00:00
arabphd_ccs_015__yes,arabphd_ccs_015,arabphd_ccs_015.jpg,Tashkeel Diacritics Contrast,yes,هل تُظهر الصورة مُعَلِّماً (بضم الميم وكسر اللام، بمعنى معلّم مدرسة) داخل فصل دراسي؟,نعم,نعم,yes,1,,,1,1.92,qwen/qwen2.5-vl-72b-instruct,openrouter,1,1,0,2026-08-29T16:42:05.629112+00:00
