task_id,image_id,filename,category,polarity,gt_ar,h_item_ar,context_ar,question_text,ground_truth,raw_response,parsed_answer,is_correct,error_type,detail,attempts,latency_s,model_name,provider,reasoning_disabled,prompt_version,temperature,timestamp
architecture_al_faisaliah_tower_f1__no,architecture_al_faisaliah_tower_f1,Al_Faisaliah_Tower_f1.png,architecture,no,برج الفيصلية,برج المملكة,صورة لبرج المملكة الزجاجي الأزرق الشاهق، ينتهي من الأعلى بفتحة مقوسة كبيرة على ش,هل هذا المبنى برج المملكة؟,لا,لا,no,1,,,1,2.08,qwen/qwen2.5-vl-72b-instruct,openrouter,1,1,0,2026-08-28T09:00:57.947655+00:00
architecture_diriyah_d11__no,architecture_diriyah_d11,Diriyah_d11.png,architecture,no,حي الطريف بالدرعية,قصر المربع التاريخي,صورة لجزء من أروقة قصر المربع التاريخي المقنطرة، بارز عن الجدار المحيط، ضمن مبنى,هل هذا المبنى قصر المربع التاريخي؟,لا,لا,no,1,,,1,2.67,qwen/qwen2.5-vl-72b-instruct,openrouter,1,1,0,2026-08-28T09:00:58.557165+00:00
architecture_ibrahim_palace_screenshot_2023_11_16_093318__no,architecture_ibrahim_palace_screenshot_2023_11_16_093318,Ibrahim_Palace_Screenshot 2023-11-16 093318.png,architecture,no,قصر إبراهيم بالهفوف,قلعة زعبل بسكاكا (الجوف),صورة لبرج أسطواني من أبراج قلعة زعبل الحجرية قيد الترميم على قمة الجبل الصخري في,هل هذا المبنى قلعة زعبل بسكاكا (الجوف)؟,لا,لا,no,1,,,1,2.78,qwen/qwen2.5-vl-72b-instruct,openrouter,1,1,0,2026-08-28T09:00:58.719381+00:00
architecture_al_masmak_palace_masmak_11__no,architecture_al_masmak_palace_masmak_11,Al_Masmak_Palace_masmak (11).png,architecture,no,قصر المصمك,قصر المربع التاريخي,صورة للمدخل الرئيسي لقصر المربع التاريخي، ببوابة مقنطرة كبيرة ضمن أروقة القصر، و,هل هذا المبنى قصر المربع التاريخي؟,لا,نعم,yes,0,,,1,3.31,qwen/qwen2.5-vl-72b-instruct,openrouter,1,1,0,2026-08-28T09:00:59.177177+00:00
architecture_diriyah_d__yes,architecture_diriyah_d,Diriyah_d.png,architecture,yes,حي الطريف بالدرعية,قصر المربع التاريخي,صورة لقصر المربع التاريخي بالرياض، أحد أشهر القصور الطينية التي شيدها الملك عبدا,هل هذا المبنى حي الطريف بالدرعية؟,نعم,لا,no,0,,,1,3.39,qwen/qwen2.5-vl-72b-instruct,openrouter,1,1,0,2026-08-28T09:00:59.258355+00:00
architecture_diriyah_d10__yes,architecture_diriyah_d10,Diriyah_d10.png,architecture,yes,حي الطريف بالدرعية,قصر المربع التاريخي,صورة لواجهة قصر المربع التاريخي الطينية المسطحة، بفتحات نوافذ داكنة متكررة على ع,هل هذا المبنى حي الطريف بالدرعية؟,نعم,لا,no,0,,,1,3.61,qwen/qwen2.5-vl-72b-instruct,openrouter,1,1,0,2026-08-28T09:00:59.479440+00:00
architecture_al_faisaliah_tower_f1__yes,architecture_al_faisaliah_tower_f1,Al_Faisaliah_Tower_f1.png,architecture,yes,برج الفيصلية,برج المملكة,صورة لبرج المملكة الزجاجي الأزرق الشاهق، ينتهي من الأعلى بفتحة مقوسة كبيرة على ش,هل هذا المبنى برج الفيصلية؟,نعم,لا,no,0,,,1,9.25,qwen/qwen2.5-vl-72b-instruct,openrouter,1,1,0,2026-08-28T09:01:05.123052+00:00
architecture_hegra_hegra_1__no,architecture_hegra_hegra_1,Hegra_hegra (1).png,architecture,no,قصر الفريد (هجر/مدائن صالح)، العلا,البتراء,صورة لواجهة أثرية نبطية منحوتة في الصخر، محصورة بعمق داخل جدران واد صخري ضيق، تُ,هل هذا المبنى البتراء؟,لا,لا,no,1,,,1,9.32,qwen/qwen2.5-vl-72b-instruct,openrouter,1,1,0,2026-08-28T09:01:05.206916+00:00
architecture_ibrahim_palace_screenshot_2023_11_16_093255__no,architecture_ibrahim_palace_screenshot_2023_11_16_093255,Ibrahim_Palace_Screenshot 2023-11-16 093255.png,architecture,no,قصر إبراهيم بالهفوف,قلعة زعبل بسكاكا (الجوف),صورة ليلية لقلعة زعبل، منشأة عسكرية دفاعية بحتة تخلو من أي قباب أو مآذن، تتكون م,هل هذا المبنى قلعة زعبل بسكاكا (الجوف)؟,لا,لا,no,1,,,1,9.49,qwen/qwen2.5-vl-72b-instruct,openrouter,1,1,0,2026-08-28T09:01:05.415174+00:00
architecture_diriyah_d10__no,architecture_diriyah_d10,Diriyah_d10.png,architecture,no,حي الطريف بالدرعية,قصر المربع التاريخي,صورة لواجهة قصر المربع التاريخي الطينية المسطحة، بفتحات نوافذ داكنة متكررة على ع,هل هذا المبنى قصر المربع التاريخي؟,لا,نعم,yes,0,,,1,9.71,qwen/qwen2.5-vl-72b-instruct,openrouter,1,1,0,2026-08-28T09:01:05.584759+00:00
architecture_ibrahim_palace_screenshot_2023_11_16_093223__yes,architecture_ibrahim_palace_screenshot_2023_11_16_093223,Ibrahim_Palace_Screenshot 2023-11-16 093223.png,architecture,yes,قصر إبراهيم بالهفوف,قلعة زعبل بسكاكا (الجوف),صورة نهارية لبرجين من أبراج قلعة زعبل الأربعة المخروطية الشكل بشرفات مسننة، على ,هل هذا المبنى قصر إبراهيم بالهفوف؟,نعم,لا,no,0,,,1,9.81,qwen/qwen2.5-vl-72b-instruct,openrouter,1,1,0,2026-08-28T09:01:05.691450+00:00
architecture_ithra_screenshot_2023_10_31_111009__yes,architecture_ithra_screenshot_2023_10_31_111009,Ithra_Screenshot 2023-10-31 111009.png,architecture,yes,مركز الملك عبدالعزيز الثقافي العالمي (إثراء),متحف اللوفر أبوظبي,صورة ليلية لمتحف اللوفر أبوظبي، بقبته الهندسية الضخمة المثقوبة بزخارف نجمية متشا,هل هذا المبنى مركز الملك عبدالعزيز الثقافي العالمي (إثراء)؟,نعم,لا,no,0,,,1,9.76,qwen/qwen2.5-vl-72b-instruct,openrouter,1,1,0,2026-08-28T09:01:05.698006+00:00
architecture_diriyah_d1__yes,architecture_diriyah_d1,Diriyah_d1.png,architecture,yes,حي الطريف بالدرعية,قصر المربع التاريخي,صورة لقصر المربع التاريخي المرمم، بجدران مستقيمة نظيفة الحواف وأروقة مقنطرة منتظ,هل هذا المبنى حي الطريف بالدرعية؟,نعم,لا,no,0,,,1,9.94,qwen/qwen2.5-vl-72b-instruct,openrouter,1,1,0,2026-08-28T09:01:05.816191+00:00
architecture_ibrahim_palace_screenshot_2023_11_16_093223__no,architecture_ibrahim_palace_screenshot_2023_11_16_093223,Ibrahim_Palace_Screenshot 2023-11-16 093223.png,architecture,no,قصر إبراهيم بالهفوف,قلعة زعبل بسكاكا (الجوف),صورة نهارية لبرجين من أبراج قلعة زعبل الأربعة المخروطية الشكل بشرفات مسننة، على ,هل هذا المبنى قلعة زعبل بسكاكا (الجوف)؟,لا,لا,no,1,,,1,10.14,qwen/qwen2.5-vl-72b-instruct,openrouter,1,1,0,2026-08-28T09:01:06.035864+00:00
architecture_ithra_screenshot_2023_10_31_111009__no,architecture_ithra_screenshot_2023_10_31_111009,Ithra_Screenshot 2023-10-31 111009.png,architecture,no,مركز الملك عبدالعزيز الثقافي العالمي (إثراء),متحف اللوفر أبوظبي,صورة ليلية لمتحف اللوفر أبوظبي، بقبته الهندسية الضخمة المثقوبة بزخارف نجمية متشا,هل هذا المبنى متحف اللوفر أبوظبي؟,لا,لا,no,1,,,1,10.35,qwen/qwen2.5-vl-72b-instruct,openrouter,1,1,0,2026-08-28T09:01:06.292568+00:00
architecture_al_masmak_palace_masmak_12__yes,architecture_al_masmak_palace_masmak_12,Al_Masmak_Palace_masmak (12).png,architecture,yes,قصر المصمك,قصر المربع التاريخي,صورة واسعة لقصر المربع التاريخي بالكامل من الخارج، تُظهر أروقته المقنطرة المحيطة,هل هذا المبنى قصر المصمك؟,نعم,لا,no,0,,,1,10.56,qwen/qwen2.5-vl-72b-instruct,openrouter,1,1,0,2026-08-28T09:01:06.435519+00:00
architecture_al_masmak_palace_masmak_1__yes,architecture_al_masmak_palace_masmak_1,Al_Masmak_Palace_masmak (1).png,architecture,yes,قصر المصمك,قصر المربع التاريخي,صورة لقصر المربع التاريخي بالرياض، أحد أشهر القصور الطينية التي شيدها الملك عبدا,هل هذا المبنى قصر المصمك؟,نعم,لا,no,0,,,1,11.03,qwen/qwen2.5-vl-72b-instruct,openrouter,1,1,0,2026-08-28T09:01:06.899736+00:00
architecture_ithra_screenshot_2023_10_31_111316__yes,architecture_ithra_screenshot_2023_10_31_111316,Ithra_Screenshot 2023-10-31 111316.png,architecture,yes,مركز الملك عبدالعزيز الثقافي العالمي (إثراء),متحف اللوفر أبوظبي,صورة نهارية لمتحف اللوفر أبوظبي، تُظهر قبته الهندسية الفضية المعدنية الطبيعية ال,هل هذا المبنى مركز الملك عبدالعزيز الثقافي العالمي (إثراء)؟,نعم,لا,no,0,,,1,8.18,qwen/qwen2.5-vl-72b-instruct,openrouter,1,1,0,2026-08-28T09:01:06.900720+00:00
architecture_al_masmak_palace_masmak_10__no,architecture_al_masmak_palace_masmak_10,Al_Masmak_Palace_masmak (10).png,architecture,no,قصر المصمك,قصر المربع التاريخي,صورة قريبة لركن من أروقة قصر المربع التاريخي المقنطرة، تُظهر عموداً حجرياً واحدا,هل هذا المبنى قصر المربع التاريخي؟,لا,لا,no,1,,,1,11.05,qwen/qwen2.5-vl-72b-instruct,openrouter,1,1,0,2026-08-28T09:01:06.920661+00:00
architecture_al_masmak_palace_masmak_1__no,architecture_al_masmak_palace_masmak_1,Al_Masmak_Palace_masmak (1).png,architecture,no,قصر المصمك,قصر المربع التاريخي,صورة لقصر المربع التاريخي بالرياض، أحد أشهر القصور الطينية التي شيدها الملك عبدا,هل هذا المبنى قصر المربع التاريخي؟,لا,نعم,yes,0,,,1,11.05,qwen/qwen2.5-vl-72b-instruct,openrouter,1,1,0,2026-08-28T09:01:06.921609+00:00
architecture_ibrahim_palace_screenshot_2023_11_16_093318__yes,architecture_ibrahim_palace_screenshot_2023_11_16_093318,Ibrahim_Palace_Screenshot 2023-11-16 093318.png,architecture,yes,قصر إبراهيم بالهفوف,قلعة زعبل بسكاكا (الجوف),صورة لبرج أسطواني من أبراج قلعة زعبل الحجرية قيد الترميم على قمة الجبل الصخري في,هل هذا المبنى قصر إبراهيم بالهفوف؟,نعم,لا,no,0,,,1,11.06,qwen/qwen2.5-vl-72b-instruct,openrouter,1,1,0,2026-08-28T09:01:07.001184+00:00
architecture_king_abdullah_financial_district_kafd_k12__yes,architecture_king_abdullah_financial_district_kafd_k12,King_Abdullah_Financial_District_KAFD_k12.png,architecture,yes,مركز الملك عبدالله المالي (كافد),مركز دبي المالي العالمي (DIFC),صورة ليلية لمركز دبي المالي العالمي (DIFC)، يظهر بين أبراجه مبنى البوابة (ذا غيت,هل هذا المبنى مركز الملك عبدالله المالي (كافد)؟,نعم,لا,no,0,,,1,1.54,qwen/qwen2.5-vl-72b-instruct,openrouter,1,1,0,2026-08-28T09:01:07.234992+00:00
architecture_ithra_screenshot_2023_10_31_111325__no,architecture_ithra_screenshot_2023_10_31_111325,Ithra_Screenshot 2023-10-31 111325.png,architecture,no,مركز الملك عبدالعزيز الثقافي العالمي (إثراء),متحف اللوفر أبوظبي,صورة لمتحف اللوفر أبوظبي عند الشفق بألوان سماء وردية وزرقاء، تُظهر قبته الهندسية,هل هذا المبنى متحف اللوفر أبوظبي؟,لا,لا,no,1,,,1,7.9,qwen/qwen2.5-vl-72b-instruct,openrouter,1,1,0,2026-08-28T09:01:07.380721+00:00
architecture_ithra_screenshot_2023_10_31_111325__yes,architecture_ithra_screenshot_2023_10_31_111325,Ithra_Screenshot 2023-10-31 111325.png,architecture,yes,مركز الملك عبدالعزيز الثقافي العالمي (إثراء),متحف اللوفر أبوظبي,صورة لمتحف اللوفر أبوظبي عند الشفق بألوان سماء وردية وزرقاء، تُظهر قبته الهندسية,هل هذا المبنى مركز الملك عبدالعزيز الثقافي العالمي (إثراء)؟,نعم,لا,no,0,,,1,8.59,qwen/qwen2.5-vl-72b-instruct,openrouter,1,1,0,2026-08-28T09:01:07.848713+00:00
architecture_king_abdullah_financial_district_kafd_k13__yes,architecture_king_abdullah_financial_district_kafd_k13,King_Abdullah_Financial_District_KAFD_k13.png,architecture,yes,مركز الملك عبدالله المالي (كافد),مركز دبي المالي العالمي (DIFC),صورة ليلية لمركز دبي المالي العالمي (DIFC)، يظهر مبنى البوابة (ذا غيت) ذو الشكل ,هل هذا المبنى مركز الملك عبدالله المالي (كافد)؟,نعم,لا,no,0,,,1,2.42,qwen/qwen2.5-vl-72b-instruct,openrouter,1,1,0,2026-08-28T09:01:08.231709+00:00
architecture_king_abdullah_financial_district_kafd_k11__yes,architecture_king_abdullah_financial_district_kafd_k11,King_Abdullah_Financial_District_KAFD_k11.png,architecture,yes,مركز الملك عبدالله المالي (كافد),مركز دبي المالي العالمي (DIFC),صورة جوية ليلية لمركز دبي المالي العالمي (DIFC)، يظهر بين أبراجه الزجاجية مبنى ا,هل هذا المبنى مركز الملك عبدالله المالي (كافد)؟,نعم,لا,no,0,,,1,2.83,qwen/qwen2.5-vl-72b-instruct,openrouter,1,1,0,2026-08-28T09:01:08.245860+00:00
architecture_king_abdullah_financial_district_kafd_k11__no,architecture_king_abdullah_financial_district_kafd_k11,King_Abdullah_Financial_District_KAFD_k11.png,architecture,no,مركز الملك عبدالله المالي (كافد),مركز دبي المالي العالمي (DIFC),صورة جوية ليلية لمركز دبي المالي العالمي (DIFC)، يظهر بين أبراجه الزجاجية مبنى ا,هل هذا المبنى مركز دبي المالي العالمي (DIFC)؟,لا,نعم,yes,0,,,1,2.66,qwen/qwen2.5-vl-72b-instruct,openrouter,1,1,0,2026-08-28T09:01:08.246358+00:00
architecture_king_abdullah_financial_district_kafd_k12__no,architecture_king_abdullah_financial_district_kafd_k12,King_Abdullah_Financial_District_KAFD_k12.png,architecture,no,مركز الملك عبدالله المالي (كافد),مركز دبي المالي العالمي (DIFC),صورة ليلية لمركز دبي المالي العالمي (DIFC)، يظهر بين أبراجه مبنى البوابة (ذا غيت,هل هذا المبنى مركز دبي المالي العالمي (DIFC)؟,لا,لا,no,1,,,1,2.55,qwen/qwen2.5-vl-72b-instruct,openrouter,1,1,0,2026-08-28T09:01:08.246737+00:00
architecture_king_abdullah_financial_district_kafd_k10__no,architecture_king_abdullah_financial_district_kafd_k10,King_Abdullah_Financial_District_KAFD_k10.png,architecture,no,مركز الملك عبدالله المالي (كافد),مركز دبي المالي العالمي (DIFC),صورة نهارية لمركز دبي المالي العالمي (DIFC)، مكتمل الإنشاء بالكامل بأبراجه الزجا,هل هذا المبنى مركز دبي المالي العالمي (DIFC)؟,لا,لا,no,1,,,1,3.04,qwen/qwen2.5-vl-72b-instruct,openrouter,1,1,0,2026-08-28T09:01:08.246945+00:00
architecture_king_abdullah_financial_district_kafd_k13__no,architecture_king_abdullah_financial_district_kafd_k13,King_Abdullah_Financial_District_KAFD_k13.png,architecture,no,مركز الملك عبدالله المالي (كافد),مركز دبي المالي العالمي (DIFC),صورة ليلية لمركز دبي المالي العالمي (DIFC)، يظهر مبنى البوابة (ذا غيت) ذو الشكل ,هل هذا المبنى مركز دبي المالي العالمي (DIFC)؟,لا,لا,no,1,,,1,2.21,qwen/qwen2.5-vl-72b-instruct,openrouter,1,1,0,2026-08-28T09:01:08.247559+00:00
architecture_king_abdullah_financial_district_kafd_k10__yes,architecture_king_abdullah_financial_district_kafd_k10,King_Abdullah_Financial_District_KAFD_k10.png,architecture,yes,مركز الملك عبدالله المالي (كافد),مركز دبي المالي العالمي (DIFC),صورة نهارية لمركز دبي المالي العالمي (DIFC)، مكتمل الإنشاء بالكامل بأبراجه الزجا,هل هذا المبنى مركز الملك عبدالله المالي (كافد)؟,نعم,لا,no,0,,,1,3.2,qwen/qwen2.5-vl-72b-instruct,openrouter,1,1,0,2026-08-28T09:01:08.325053+00:00
architecture_hegra_hegra_1__yes,architecture_hegra_hegra_1,Hegra_hegra (1).png,architecture,yes,قصر الفريد (هجر/مدائن صالح)، العلا,البتراء,صورة لواجهة أثرية نبطية منحوتة في الصخر، محصورة بعمق داخل جدران واد صخري ضيق، تُ,هل هذا المبنى قصر الفريد (هجر/مدائن صالح)، العلا؟,نعم,لا,no,0,,,2,2.15,qwen/qwen2.5-vl-72b-instruct,openrouter,1,1,0,2026-08-28T09:01:08.488351+00:00
architecture_kingdom_tower_mam_1__yes,architecture_kingdom_tower_mam_1,Kingdom_Tower_mam (1).png,architecture,yes,برج المملكة,برج الفيصلية,صورة لبرج الفيصلية الزجاجي الشاهق المدبب من الأعلى، يعلوه هيكل كروي ذهبي كبير، ت,هل هذا المبنى برج المملكة؟,نعم,لا,no,0,,,1,2.2,qwen/qwen2.5-vl-72b-instruct,openrouter,1,1,0,2026-08-28T09:01:08.491811+00:00
architecture_kingdom_tower_mam_1__no,architecture_kingdom_tower_mam_1,Kingdom_Tower_mam (1).png,architecture,no,برج المملكة,برج الفيصلية,صورة لبرج الفيصلية الزجاجي الشاهق المدبب من الأعلى، يعلوه هيكل كروي ذهبي كبير، ت,هل هذا المبنى برج الفيصلية؟,لا,لا,no,1,,,1,2.06,qwen/qwen2.5-vl-72b-instruct,openrouter,1,1,0,2026-08-28T09:01:08.495608+00:00
architecture_diriyah_d11__yes,architecture_diriyah_d11,Diriyah_d11.png,architecture,yes,حي الطريف بالدرعية,قصر المربع التاريخي,صورة لجزء من أروقة قصر المربع التاريخي المقنطرة، بارز عن الجدار المحيط، ضمن مبنى,هل هذا المبنى حي الطريف بالدرعية؟,نعم,نعم,yes,1,,,2,2.29,qwen/qwen2.5-vl-72b-instruct,openrouter,1,1,0,2026-08-28T09:01:08.495912+00:00
architecture_diriyah_d__no,architecture_diriyah_d,Diriyah_d.png,architecture,no,حي الطريف بالدرعية,قصر المربع التاريخي,صورة لقصر المربع التاريخي بالرياض، أحد أشهر القصور الطينية التي شيدها الملك عبدا,هل هذا المبنى قصر المربع التاريخي؟,لا,لا,no,1,,,2,2.54,qwen/qwen2.5-vl-72b-instruct,openrouter,1,1,0,2026-08-28T09:01:09.385207+00:00
architecture_al_masmak_palace_masmak_11__yes,architecture_al_masmak_palace_masmak_11,Al_Masmak_Palace_masmak (11).png,architecture,yes,قصر المصمك,قصر المربع التاريخي,صورة للمدخل الرئيسي لقصر المربع التاريخي، ببوابة مقنطرة كبيرة ضمن أروقة القصر، و,هل هذا المبنى قصر المصمك؟,نعم,لا,no,0,,,2,2.89,qwen/qwen2.5-vl-72b-instruct,openrouter,1,1,0,2026-08-28T09:01:09.702424+00:00
architecture_kingdom_tower_mam_10__yes,architecture_kingdom_tower_mam_10,Kingdom_Tower_mam (10).png,architecture,yes,برج المملكة,برج الفيصلية,صورة ليلية لبرج الفيصلية مضاءً بإضاءة أرجوانية وزرقاء، تُظهر الهيكل الكروي الذهب,هل هذا المبنى برج المملكة؟,نعم,لا,no,0,,,1,2.8,qwen/qwen2.5-vl-72b-instruct,openrouter,1,1,0,2026-08-28T09:01:09.703224+00:00
architecture_kingdom_tower_mam_11__no,architecture_kingdom_tower_mam_11,Kingdom_Tower_mam (11).png,architecture,no,برج المملكة,برج الفيصلية,صورة لبرج الفيصلية تحت سماء غائمة رمادية، تُظهر واجهته الزجاجية اللامعة وهيكله ا,هل هذا المبنى برج الفيصلية؟,لا,لا,no,1,,,1,2.78,qwen/qwen2.5-vl-72b-instruct,openrouter,1,1,0,2026-08-28T09:01:09.703695+00:00
architecture_kingdom_tower_mam_12__yes,architecture_kingdom_tower_mam_12,Kingdom_Tower_mam (12).png,architecture,yes,برج المملكة,برج الفيصلية,صورة مقربة من أسفل لبرج الفيصلية، تُظهر انعكاس ضوء الشمس على هيكله الكروي الذهبي,هل هذا المبنى برج المملكة؟,نعم,لا,no,0,,,1,2.7,qwen/qwen2.5-vl-72b-instruct,openrouter,1,1,0,2026-08-28T09:01:09.704168+00:00
architecture_kingdom_tower_mam_10__no,architecture_kingdom_tower_mam_10,Kingdom_Tower_mam (10).png,architecture,no,برج المملكة,برج الفيصلية,صورة ليلية لبرج الفيصلية مضاءً بإضاءة أرجوانية وزرقاء، تُظهر الهيكل الكروي الذهب,هل هذا المبنى برج الفيصلية؟,لا,لا,no,1,,,1,2.8,qwen/qwen2.5-vl-72b-instruct,openrouter,1,1,0,2026-08-28T09:01:09.704723+00:00
architecture_ibrahim_palace_screenshot_2023_11_16_093153__no,architecture_ibrahim_palace_screenshot_2023_11_16_093153,Ibrahim_Palace_Screenshot 2023-11-16 093153.png,architecture,no,قصر إبراهيم بالهفوف,قلعة زعبل بسكاكا (الجوف),صورة ليلية لبرج طيني مخروطي من أبراج قلعة زعبل الأربعة، يعلو قمة جبل صخري شاهق ف,هل هذا المبنى قلعة زعبل بسكاكا (الجوف)؟,لا,لا,no,1,,,2,2.53,qwen/qwen2.5-vl-72b-instruct,openrouter,1,1,0,2026-08-28T09:01:09.705793+00:00
architecture_kingdom_tower_mam_11__yes,architecture_kingdom_tower_mam_11,Kingdom_Tower_mam (11).png,architecture,yes,برج المملكة,برج الفيصلية,صورة لبرج الفيصلية تحت سماء غائمة رمادية، تُظهر واجهته الزجاجية اللامعة وهيكله ا,هل هذا المبنى برج المملكة؟,نعم,لا,no,0,,,1,2.82,qwen/qwen2.5-vl-72b-instruct,openrouter,1,1,0,2026-08-28T09:01:09.739602+00:00
architecture_ibrahim_palace_screenshot_2023_11_16_093255__yes,architecture_ibrahim_palace_screenshot_2023_11_16_093255,Ibrahim_Palace_Screenshot 2023-11-16 093255.png,architecture,yes,قصر إبراهيم بالهفوف,قلعة زعبل بسكاكا (الجوف),صورة ليلية لقلعة زعبل، منشأة عسكرية دفاعية بحتة تخلو من أي قباب أو مآذن، تتكون م,هل هذا المبنى قصر إبراهيم بالهفوف؟,نعم,لا,no,0,,,2,2.58,qwen/qwen2.5-vl-72b-instruct,openrouter,1,1,0,2026-08-28T09:01:09.765673+00:00
architecture_maraya_mirror_1__yes,architecture_maraya_mirror_1,Maraya_mirror (1).png,architecture,yes,مرايا (قاعة الحفلات المرآوية بالعلا),متحف المستقبل بدبي,صورة لمتحف المستقبل بدبي، ذي الشكل البيضاوي المفرغ، تغطي واجهته عبارات شعرية بال,هل هذا المبنى مرايا (قاعة الحفلات المرآوية بالعلا)؟,نعم,لا,no,0,,,1,3.56,qwen/qwen2.5-vl-72b-instruct,openrouter,1,1,0,2026-08-28T09:01:10.944862+00:00
architecture_diriyah_d1__no,architecture_diriyah_d1,Diriyah_d1.png,architecture,no,حي الطريف بالدرعية,قصر المربع التاريخي,صورة لقصر المربع التاريخي المرمم، بجدران مستقيمة نظيفة الحواف وأروقة مقنطرة منتظ,هل هذا المبنى قصر المربع التاريخي؟,لا,نعم,yes,0,,,2,4.44,qwen/qwen2.5-vl-72b-instruct,openrouter,1,1,0,2026-08-28T09:01:12.093834+00:00
architecture_maraya_mirror_11__yes,architecture_maraya_mirror_11,Maraya_mirror (11).png,architecture,yes,مرايا (قاعة الحفلات المرآوية بالعلا),متحف المستقبل بدبي,صورة قريبة لواجهة متحف المستقبل بدبي، تُظهر فتحة نافذة على شكل عبارة شعرية بالخط,هل هذا المبنى مرايا (قاعة الحفلات المرآوية بالعلا)؟,نعم,لا,no,0,,,1,3.85,qwen/qwen2.5-vl-72b-instruct,openrouter,1,1,0,2026-08-28T09:01:12.093980+00:00
architecture_maraya_mirror_13__no,architecture_maraya_mirror_13,Maraya_mirror (13).png,architecture,no,مرايا (قاعة الحفلات المرآوية بالعلا),متحف المستقبل بدبي,صورة واسعة لمتحف المستقبل بدبي بالكامل، مع مركبات صغيرة أمامه، وسط مياه عاكسة مح,هل هذا المبنى متحف المستقبل بدبي؟,لا,لا,no,1,,,1,3.85,qwen/qwen2.5-vl-72b-instruct,openrouter,1,1,0,2026-08-28T09:01:12.094518+00:00
architecture_quba_mosque_quba_10__yes,architecture_quba_mosque_quba_10,Quba_Mosque_quba (10).png,architecture,yes,مسجد قباء,مسجد القبلتين,صورة لمسجد القبلتين الأبيض بالمدينة المنورة من زاوية أخرى، تُظهر القبتين المتقار,هل هذا المبنى مسجد قباء؟,نعم,لا,no,0,,,1,3.62,qwen/qwen2.5-vl-72b-instruct,openrouter,1,1,0,2026-08-28T09:01:12.110479+00:00
architecture_ithra_screenshot_2023_10_31_111128__no,architecture_ithra_screenshot_2023_10_31_111128,Ithra_Screenshot 2023-10-31 111128.png,architecture,no,مركز الملك عبدالعزيز الثقافي العالمي (إثراء),متحف اللوفر أبوظبي,صورة ليلية لمتحف اللوفر أبوظبي، تُظهر قبته الهندسية الضخمة المثقوبة بزخارف نجمية,هل هذا المبنى متحف اللوفر أبوظبي؟,لا,لا,no,1,,,2,3.9,qwen/qwen2.5-vl-72b-instruct,openrouter,1,1,0,2026-08-28T09:01:12.110690+00:00
architecture_kingdom_tower_mam_12__no,architecture_kingdom_tower_mam_12,Kingdom_Tower_mam (12).png,architecture,no,برج المملكة,برج الفيصلية,صورة مقربة من أسفل لبرج الفيصلية، تُظهر انعكاس ضوء الشمس على هيكله الكروي الذهبي,هل هذا المبنى برج الفيصلية؟,لا,لا,no,1,,,1,4.88,qwen/qwen2.5-vl-72b-instruct,openrouter,1,1,0,2026-08-28T09:01:12.110790+00:00
architecture_quba_mosque_quba_1__yes,architecture_quba_mosque_quba_1,Quba_Mosque_quba (1).png,architecture,yes,مسجد قباء,مسجد القبلتين,صورة لمسجد القبلتين بالمدينة المنورة، ذي القبتين المتقاربتين في الحجم ترتفعان نح,هل هذا المبنى مسجد قباء؟,نعم,لا,no,0,,,1,3.79,qwen/qwen2.5-vl-72b-instruct,openrouter,1,1,0,2026-08-28T09:01:12.111368+00:00
architecture_maraya_mirror_1__no,architecture_maraya_mirror_1,Maraya_mirror (1).png,architecture,no,مرايا (قاعة الحفلات المرآوية بالعلا),متحف المستقبل بدبي,صورة لمتحف المستقبل بدبي، ذي الشكل البيضاوي المفرغ، تغطي واجهته عبارات شعرية بال,هل هذا المبنى متحف المستقبل بدبي؟,لا,لا,no,1,,,1,4.26,qwen/qwen2.5-vl-72b-instruct,openrouter,1,1,0,2026-08-28T09:01:12.111640+00:00
architecture_al_masmak_palace_masmak_12__no,architecture_al_masmak_palace_masmak_12,Al_Masmak_Palace_masmak (12).png,architecture,no,قصر المصمك,قصر المربع التاريخي,صورة واسعة لقصر المربع التاريخي بالكامل من الخارج، تُظهر أروقته المقنطرة المحيطة,هل هذا المبنى قصر المربع التاريخي؟,لا,نعم,yes,0,,,2,4.56,qwen/qwen2.5-vl-72b-instruct,openrouter,1,1,0,2026-08-28T09:01:12.112622+00:00
architecture_quba_mosque_quba_10__no,architecture_quba_mosque_quba_10,Quba_Mosque_quba (10).png,architecture,no,مسجد قباء,مسجد القبلتين,صورة لمسجد القبلتين الأبيض بالمدينة المنورة من زاوية أخرى، تُظهر القبتين المتقار,هل هذا المبنى مسجد القبلتين؟,لا,نعم,yes,0,,,1,3.62,qwen/qwen2.5-vl-72b-instruct,openrouter,1,1,0,2026-08-28T09:01:12.112903+00:00
architecture_ibrahim_palace_screenshot_2023_11_16_093153__yes,architecture_ibrahim_palace_screenshot_2023_11_16_093153,Ibrahim_Palace_Screenshot 2023-11-16 093153.png,architecture,yes,قصر إبراهيم بالهفوف,قلعة زعبل بسكاكا (الجوف),صورة ليلية لبرج طيني مخروطي من أبراج قلعة زعبل الأربعة، يعلو قمة جبل صخري شاهق ف,هل هذا المبنى قصر إبراهيم بالهفوف؟,نعم,لا,no,0,,,2,4.97,qwen/qwen2.5-vl-72b-instruct,openrouter,1,1,0,2026-08-28T09:01:12.393048+00:00
architecture_maraya_mirror_11__no,architecture_maraya_mirror_11,Maraya_mirror (11).png,architecture,no,مرايا (قاعة الحفلات المرآوية بالعلا),متحف المستقبل بدبي,صورة قريبة لواجهة متحف المستقبل بدبي، تُظهر فتحة نافذة على شكل عبارة شعرية بالخط,هل هذا المبنى متحف المستقبل بدبي؟,لا,لا,no,1,,,1,4.92,qwen/qwen2.5-vl-72b-instruct,openrouter,1,1,0,2026-08-28T09:01:13.170459+00:00
architecture_maraya_mirror_10__no,architecture_maraya_mirror_10,Maraya_mirror (10).png,architecture,no,مرايا (قاعة الحفلات المرآوية بالعلا),متحف المستقبل بدبي,صورة لمتحف المستقبل بدبي تحت سماء زرقاء داكنة، تُظهر واجهته البيضاوية المفرغة ال,هل هذا المبنى متحف المستقبل بدبي؟,لا,لا,no,1,,,1,4.92,qwen/qwen2.5-vl-72b-instruct,openrouter,1,1,0,2026-08-28T09:01:13.171230+00:00
architecture_quba_mosque_quba_11__yes,architecture_quba_mosque_quba_11,Quba_Mosque_quba (11).png,architecture,yes,مسجد قباء,مسجد القبلتين,صورة لمسجد القبلتين عند الشفق، تُظهر قبتيه المتقاربتين في الحجم مضاءتين بإضاءة خ,هل هذا المبنى مسجد قباء؟,نعم,لا,no,0,,,1,4.68,qwen/qwen2.5-vl-72b-instruct,openrouter,1,1,0,2026-08-28T09:01:13.171663+00:00
architecture_quba_mosque_quba_1__no,architecture_quba_mosque_quba_1,Quba_Mosque_quba (1).png,architecture,no,مسجد قباء,مسجد القبلتين,صورة لمسجد القبلتين بالمدينة المنورة، ذي القبتين المتقاربتين في الحجم ترتفعان نح,هل هذا المبنى مسجد القبلتين؟,لا,نعم,yes,0,,,1,4.68,qwen/qwen2.5-vl-72b-instruct,openrouter,1,1,0,2026-08-28T09:01:13.172036+00:00
architecture_maraya_mirror_10__yes,architecture_maraya_mirror_10,Maraya_mirror (10).png,architecture,yes,مرايا (قاعة الحفلات المرآوية بالعلا),متحف المستقبل بدبي,صورة لمتحف المستقبل بدبي تحت سماء زرقاء داكنة، تُظهر واجهته البيضاوية المفرغة ال,هل هذا المبنى مرايا (قاعة الحفلات المرآوية بالعلا)؟,نعم,لا,no,0,,,1,4.95,qwen/qwen2.5-vl-72b-instruct,openrouter,1,1,0,2026-08-28T09:01:13.185743+00:00
architecture_maraya_mirror_13__yes,architecture_maraya_mirror_13,Maraya_mirror (13).png,architecture,yes,مرايا (قاعة الحفلات المرآوية بالعلا),متحف المستقبل بدبي,صورة واسعة لمتحف المستقبل بدبي بالكامل، مع مركبات صغيرة أمامه، وسط مياه عاكسة مح,هل هذا المبنى مرايا (قاعة الحفلات المرآوية بالعلا)؟,نعم,لا,no,0,,,1,5.18,qwen/qwen2.5-vl-72b-instruct,openrouter,1,1,0,2026-08-28T09:01:13.425189+00:00
architecture_riyadh_water_tower_watertower_11__yes,architecture_riyadh_water_tower_watertower_11,Riyadh_Water_Tower_waterTower (11).png,architecture,yes,برج المياه بالرياض,أبراج الكويت,صورة مقربة جداً من أسفل لكرة أبراج الكويت الزرقاء المكسوة بالفسيفساء، تُظهر تفاص,هل هذا المبنى برج المياه بالرياض؟,نعم,لا,no,0,,,1,3.83,qwen/qwen2.5-vl-72b-instruct,openrouter,1,1,0,2026-08-28T09:01:13.570701+00:00
architecture_quba_mosque_quba_12__no,architecture_quba_mosque_quba_12,Quba_Mosque_quba (12).png,architecture,no,مسجد قباء,مسجد القبلتين,صورة واسعة لمسجد القبلتين من مسافة بعيدة، تُظهر مئذنته الواحدة وقبتيه المتقاربتي,هل هذا المبنى مسجد القبلتين؟,لا,نعم,yes,0,,,1,3.87,qwen/qwen2.5-vl-72b-instruct,openrouter,1,1,0,2026-08-28T09:01:13.573496+00:00
architecture_riyadh_water_tower_watertower_10__yes,architecture_riyadh_water_tower_watertower_10,Riyadh_Water_Tower_waterTower (10).png,architecture,yes,برج المياه بالرياض,أبراج الكويت,صورة من زاوية منخفضة لأبراج الكويت، تُظهر تفاصيل الكرة الزرقاء المكسوة بالفسيفسا,هل هذا المبنى برج المياه بالرياض؟,نعم,لا,no,0,,,1,3.87,qwen/qwen2.5-vl-72b-instruct,openrouter,1,1,0,2026-08-28T09:01:13.576027+00:00
architecture_riyadh_water_tower_watertower_1__yes,architecture_riyadh_water_tower_watertower_1,Riyadh_Water_Tower_waterTower (1).png,architecture,yes,برج المياه بالرياض,أبراج الكويت,صورة لأبراج الكويت الشهيرة، ذات الكرة الزرقاء الكبيرة المكسوة بالفسيفساء والمرتك,هل هذا المبنى برج المياه بالرياض؟,نعم,لا,no,0,,,1,3.87,qwen/qwen2.5-vl-72b-instruct,openrouter,1,1,0,2026-08-28T09:01:13.578192+00:00
architecture_quba_mosque_quba_11__no,architecture_quba_mosque_quba_11,Quba_Mosque_quba (11).png,architecture,no,مسجد قباء,مسجد القبلتين,صورة لمسجد القبلتين عند الشفق، تُظهر قبتيه المتقاربتين في الحجم مضاءتين بإضاءة خ,هل هذا المبنى مسجد القبلتين؟,لا,نعم,yes,0,,,1,4.2,qwen/qwen2.5-vl-72b-instruct,openrouter,1,1,0,2026-08-28T09:01:13.581077+00:00
architecture_al_masmak_palace_masmak_10__yes,architecture_al_masmak_palace_masmak_10,Al_Masmak_Palace_masmak (10).png,architecture,yes,قصر المصمك,قصر المربع التاريخي,صورة قريبة لركن من أروقة قصر المربع التاريخي المقنطرة، تُظهر عموداً حجرياً واحدا,هل هذا المبنى قصر المصمك؟,نعم,لا,no,0,,,2,5.22,qwen/qwen2.5-vl-72b-instruct,openrouter,1,1,0,2026-08-28T09:01:13.583418+00:00
architecture_quba_mosque_quba_12__yes,architecture_quba_mosque_quba_12,Quba_Mosque_quba (12).png,architecture,yes,مسجد قباء,مسجد القبلتين,صورة واسعة لمسجد القبلتين من مسافة بعيدة، تُظهر مئذنته الواحدة وقبتيه المتقاربتي,هل هذا المبنى مسجد قباء؟,نعم,لا,no,0,,,1,3.88,qwen/qwen2.5-vl-72b-instruct,openrouter,1,1,0,2026-08-28T09:01:13.584963+00:00
architecture_riyadh_water_tower_watertower_1__no,architecture_riyadh_water_tower_watertower_1,Riyadh_Water_Tower_waterTower (1).png,architecture,no,برج المياه بالرياض,أبراج الكويت,صورة لأبراج الكويت الشهيرة، ذات الكرة الزرقاء الكبيرة المكسوة بالفسيفساء والمرتك,هل هذا المبنى أبراج الكويت؟,لا,لا,no,1,,,1,3.94,qwen/qwen2.5-vl-72b-instruct,openrouter,1,1,0,2026-08-28T09:01:13.647320+00:00
architecture_riyadh_water_tower_watertower_10__no,architecture_riyadh_water_tower_watertower_10,Riyadh_Water_Tower_waterTower (10).png,architecture,no,برج المياه بالرياض,أبراج الكويت,صورة من زاوية منخفضة لأبراج الكويت، تُظهر تفاصيل الكرة الزرقاء المكسوة بالفسيفسا,هل هذا المبنى أبراج الكويت؟,لا,لا,no,1,,,1,3.94,qwen/qwen2.5-vl-72b-instruct,openrouter,1,1,0,2026-08-28T09:01:13.650808+00:00
architecture_ithra_screenshot_2023_10_31_111128__yes,architecture_ithra_screenshot_2023_10_31_111128,Ithra_Screenshot 2023-10-31 111128.png,architecture,yes,مركز الملك عبدالعزيز الثقافي العالمي (إثراء),متحف اللوفر أبوظبي,صورة ليلية لمتحف اللوفر أبوظبي، تُظهر قبته الهندسية الضخمة المثقوبة بزخارف نجمية,هل هذا المبنى مركز الملك عبدالعزيز الثقافي العالمي (إثراء)؟,نعم,لا,no,0,,,2,5.13,qwen/qwen2.5-vl-72b-instruct,openrouter,1,1,0,2026-08-28T09:01:13.652909+00:00
architecture_ithra_screenshot_2023_10_31_111316__no,architecture_ithra_screenshot_2023_10_31_111316,Ithra_Screenshot 2023-10-31 111316.png,architecture,no,مركز الملك عبدالعزيز الثقافي العالمي (إثراء),متحف اللوفر أبوظبي,صورة نهارية لمتحف اللوفر أبوظبي، تُظهر قبته الهندسية الفضية المعدنية الطبيعية ال,هل هذا المبنى متحف اللوفر أبوظبي؟,لا,لا,no,1,,,2,4.33,qwen/qwen2.5-vl-72b-instruct,openrouter,1,1,0,2026-08-28T09:01:13.655050+00:00
architecture_riyadh_water_tower_watertower_11__no,architecture_riyadh_water_tower_watertower_11,Riyadh_Water_Tower_waterTower (11).png,architecture,no,برج المياه بالرياض,أبراج الكويت,صورة مقربة جداً من أسفل لكرة أبراج الكويت الزرقاء المكسوة بالفسيفساء، تُظهر تفاص,هل هذا المبنى أبراج الكويت؟,لا,لا,no,1,,,1,3.89,qwen/qwen2.5-vl-72b-instruct,openrouter,1,1,0,2026-08-28T09:01:13.657700+00:00
attire_85630_dress__yes,attire_85630_dress,85630_Dress.jpg,attire,yes,فستان جزائري بتطريز ذهبي,فستان مصري تقليدي مطرز,صورة لفستان مصري تقليدي طويل بلا أكمام بلون أسود داكن لامع، مطرز عند فتحة الصدر ,هل هذه القطعة فستان جزائري بتطريز ذهبي؟,نعم,لا,no,0,,,1,1.38,qwen/qwen2.5-vl-72b-instruct,openrouter,1,1,0,2026-08-28T13:09:04.883764+00:00
attire_85630_dress__no,attire_85630_dress,85630_Dress.jpg,attire,no,فستان جزائري بتطريز ذهبي,فستان مصري تقليدي مطرز,صورة لفستان مصري تقليدي طويل بلا أكمام بلون أسود داكن لامع، مطرز عند فتحة الصدر ,هل هذه القطعة فستان مصري تقليدي مطرز؟,لا,نعم,yes,0,,,1,1.39,qwen/qwen2.5-vl-72b-instruct,openrouter,1,1,0,2026-08-28T13:09:04.891653+00:00
attire_81729_quilted_coat_with_long_sleeves__no,attire_81729_quilted_coat_with_long_sleeves,81729_Quilted_Coat_with_Long_Sleeves.jpg,attire,no,معطف حريري مبطن,جاكيت أوزبكي مبطن (تشابان),صورة لجاكيت أوزبكي تقليدي (تشابان) مبطن، بخطوط إيكات ملونة زاهية متعرجة تغطي كام,هل هذه القطعة جاكيت أوزبكي مبطن (تشابان)؟,لا,لا,no,1,,,1,1.39,qwen/qwen2.5-vl-72b-instruct,openrouter,1,1,0,2026-08-28T13:09:04.892993+00:00
attire_81729_quilted_coat_with_long_sleeves__yes,attire_81729_quilted_coat_with_long_sleeves,81729_Quilted_Coat_with_Long_Sleeves.jpg,attire,yes,معطف حريري مبطن,جاكيت أوزبكي مبطن (تشابان),صورة لجاكيت أوزبكي تقليدي (تشابان) مبطن، بخطوط إيكات ملونة زاهية متعرجة تغطي كام,هل هذه القطعة معطف حريري مبطن؟,نعم,لا,no,0,,,1,1.63,qwen/qwen2.5-vl-72b-instruct,openrouter,1,1,0,2026-08-28T13:09:05.134886+00:00
attire_85625_jacket__no,attire_85625_jacket,85625_Jacket.jpg,attire,no,جاكيت (كاروكو) جزائري مطرز,صدرية زوف عثمانية مطرزة,صورة لصدرية زوف عثمانية قصيرة بلا أكمام بلون أخضر زيتوني، مطرزة بالكامل بخيوط ذه,هل هذه القطعة صدرية زوف عثمانية مطرزة؟,لا,نعم,yes,0,,,1,1.65,qwen/qwen2.5-vl-72b-instruct,openrouter,1,1,0,2026-08-28T13:09:05.151574+00:00
attire_85631_plastron_collar_from_a_tunic__no,attire_85631_plastron_collar_from_a_tunic,85631_Plastron_Collar_from_a_Tunic.jpg,attire,no,بلاسترون (ياقة مطرزة) تونسي,قبة ثوب فلسطيني مطرزة,صورة لقبة ثوب فلسطيني مطرزة، ما زالت متصلة بالثوب الأصلي، مطرزة بالكامل بغرز متق,هل هذه القطعة قبة ثوب فلسطيني مطرزة؟,لا,نعم,yes,0,,,1,1.65,qwen/qwen2.5-vl-72b-instruct,openrouter,1,1,0,2026-08-28T13:09:05.151857+00:00
attire_85625_jacket__yes,attire_85625_jacket,85625_Jacket.jpg,attire,yes,جاكيت (كاروكو) جزائري مطرز,صدرية زوف عثمانية مطرزة,صورة لصدرية زوف عثمانية قصيرة بلا أكمام بلون أخضر زيتوني، مطرزة بالكامل بخيوط ذه,هل هذه القطعة جاكيت (كاروكو) جزائري مطرز؟,نعم,لا,no,0,,,1,1.65,qwen/qwen2.5-vl-72b-instruct,openrouter,1,1,0,2026-08-28T13:09:05.156801+00:00
attire_85641_wedding_tunic_and_ensemble__no,attire_85641_wedding_tunic_and_ensemble,85641_Wedding_Tunic_and_Ensemble.jpg,attire,no,ثوب زفاف تونسي معدني,بوبو غرب أفريقي فاخر بأكمام مربعة,صورة لبوبو غرب أفريقي فاخر بلون ذهبي برونزي معدني، من نسيج الدمسك الحريري بخطوط ,هل هذه القطعة بوبو غرب أفريقي فاخر بأكمام مربعة؟,لا,نعم,yes,0,,,1,1.97,qwen/qwen2.5-vl-72b-instruct,openrouter,1,1,0,2026-08-28T13:09:05.476762+00:00
attire_85641_wedding_tunic_and_ensemble__yes,attire_85641_wedding_tunic_and_ensemble,85641_Wedding_Tunic_and_Ensemble.jpg,attire,yes,ثوب زفاف تونسي معدني,بوبو غرب أفريقي فاخر بأكمام مربعة,صورة لبوبو غرب أفريقي فاخر بلون ذهبي برونزي معدني، من نسيج الدمسك الحريري بخطوط ,هل هذه القطعة ثوب زفاف تونسي معدني؟,نعم,لا,no,0,,,1,2.07,qwen/qwen2.5-vl-72b-instruct,openrouter,1,1,0,2026-08-28T13:09:05.570873+00:00
attire_85631_plastron_collar_from_a_tunic__yes,attire_85631_plastron_collar_from_a_tunic,85631_Plastron_Collar_from_a_Tunic.jpg,attire,yes,بلاسترون (ياقة مطرزة) تونسي,قبة ثوب فلسطيني مطرزة,صورة لقبة ثوب فلسطيني مطرزة، ما زالت متصلة بالثوب الأصلي، مطرزة بالكامل بغرز متق,هل هذه القطعة بلاسترون (ياقة مطرزة) تونسي؟,نعم,لا,no,0,,,1,2.56,qwen/qwen2.5-vl-72b-instruct,openrouter,1,1,0,2026-08-28T13:09:06.062680+00:00
attire_86241_festive_dress_from_quteife__yes,attire_86241_festive_dress_from_quteife,86241_Festive_Dress_from_Quteife.jpg,attire,yes,ثوب احتفالي من قطيفة (سوريا),ثوب فلسطيني تقليدي,صورة لثوب فلسطيني تقليدي أحمر طويل بأكمام واسعة منسدلة، بلوحة تطريز مربعة كبيرة ,هل هذه القطعة ثوب احتفالي من قطيفة (سوريا)؟,نعم,لا,no,0,,,1,1.25,qwen/qwen2.5-vl-72b-instruct,openrouter,1,1,0,2026-08-28T13:09:06.147561+00:00
architecture_riyadh_water_tower_watertower_13__yes,architecture_riyadh_water_tower_watertower_13,Riyadh_Water_Tower_waterTower (13).png,architecture,yes,برج المياه بالرياض,أبراج الكويت,صورة واسعة لأبراج الكويت بكامل ارتفاعها، تظهر الكرة الزرقاء المكسوة بالفسيفساء ع,هل هذا المبنى برج المياه بالرياض؟,نعم,لا,no,0,,,1,3.09,qwen/qwen2.5-vl-72b-instruct,openrouter,1,1,0,2026-08-28T13:09:06.594917+00:00
architecture_riyadh_water_tower_watertower_13__no,architecture_riyadh_water_tower_watertower_13,Riyadh_Water_Tower_waterTower (13).png,architecture,no,برج المياه بالرياض,أبراج الكويت,صورة واسعة لأبراج الكويت بكامل ارتفاعها، تظهر الكرة الزرقاء المكسوة بالفسيفساء ع,هل هذا المبنى أبراج الكويت؟,لا,لا,no,1,,,1,3.09,qwen/qwen2.5-vl-72b-instruct,openrouter,1,1,0,2026-08-28T13:09:06.595473+00:00
architecture_the_clock_towers_watch_12__no,architecture_the_clock_towers_watch_12,The_Clock_Towers_watch (12).png,architecture,no,أبراج البيت (برج الساعة) بمكة,برج خليفة بدبي,صورة واسعة لبرج خليفة وسط أبراج زجاجية حديثة أخرى، مع رافعة بناء بجانبه ضمن أعما,هل هذا المبنى برج خليفة بدبي؟,لا,لا,no,1,,,1,3.09,qwen/qwen2.5-vl-72b-instruct,openrouter,1,1,0,2026-08-28T13:09:06.595845+00:00
attire_85659_dress__no,attire_85659_dress,85659_Dress.jpg,attire,no,فستان مصري بيج بتطريز صدر مثلثي,ثوب بدوي سيناوي مطرز,صورة لثوب بدوي سيناوي طويل بلون بيج فاتح، مغطى بالكامل بتطريز كثيف من الغرز المت,هل هذه القطعة ثوب بدوي سيناوي مطرز؟,لا,لا,no,1,,,1,1.71,qwen/qwen2.5-vl-72b-instruct,openrouter,1,1,0,2026-08-28T13:09:06.603611+00:00
architecture_the_clock_towers_watch_12__yes,architecture_the_clock_towers_watch_12,The_Clock_Towers_watch (12).png,architecture,yes,أبراج البيت (برج الساعة) بمكة,برج خليفة بدبي,صورة واسعة لبرج خليفة وسط أبراج زجاجية حديثة أخرى، مع رافعة بناء بجانبه ضمن أعما,هل هذا المبنى أبراج البيت (برج الساعة) بمكة؟,نعم,لا,no,0,,,1,3.75,qwen/qwen2.5-vl-72b-instruct,openrouter,1,1,0,2026-08-28T13:09:07.251098+00:00
architecture_the_kaaba_kabba_13__yes,architecture_the_kaaba_kabba_13,The_Kaaba_kabba (13).png,architecture,yes,الكعبة المشرفة,المسجد الحرام,صورة لواجهة من واجهات المسجد الحرام بمكة المكرمة من زاوية بعيدة نسبياً، محاطة بأ,هل هذا المبنى الكعبة المشرفة؟,نعم,لا,no,0,,,1,4.79,qwen/qwen2.5-vl-72b-instruct,openrouter,1,1,0,2026-08-28T13:09:08.289946+00:00
cuisine_cuisine_of_jordan_10__no,cuisine_cuisine_of_jordan_10,Cuisine_of_Jordan_10.jpg,cuisine,no,فاهيتا لحم ودجاج مشوية,شاورما مشكلة على الصاج,صورة لطبق أسود بيضاوي فوق قاعدة خشبية، يحتوي على شرائح رقيقة جداً من شاورما اللح,هل هذا الطبق شاورما مشكلة على الصاج؟,لا,لا,no,1,,,1,1.71,qwen/qwen2.5-vl-72b-instruct,openrouter,1,1,0,2026-08-28T13:09:08.959027+00:00
attire_86546_cape__no,attire_86546_cape,86546_Cape.jpg,attire,no,عباءة عراقية مطرزة بغطاء رأس,برنوس مغربي تقليدي,صورة لبرنوس مغربي تقليدي بلون كريمي فاتح، مزود بقلنسوة متصلة عند العنق، بسطح بسي,هل هذه القطعة برنوس مغربي تقليدي؟,لا,لا,no,1,,,1,3.83,qwen/qwen2.5-vl-72b-instruct,openrouter,1,1,0,2026-08-28T13:09:08.982943+00:00
attire_86241_festive_dress_from_quteife__no,attire_86241_festive_dress_from_quteife,86241_Festive_Dress_from_Quteife.jpg,attire,no,ثوب احتفالي من قطيفة (سوريا),ثوب فلسطيني تقليدي,صورة لثوب فلسطيني تقليدي أحمر طويل بأكمام واسعة منسدلة، بلوحة تطريز مربعة كبيرة ,هل هذه القطعة ثوب فلسطيني تقليدي؟,لا,نعم,yes,0,,,1,3.85,qwen/qwen2.5-vl-72b-instruct,openrouter,1,1,0,2026-08-28T13:09:08.983500+00:00
attire_86546_cape__yes,attire_86546_cape,86546_Cape.jpg,attire,yes,عباءة عراقية مطرزة بغطاء رأس,برنوس مغربي تقليدي,صورة لبرنوس مغربي تقليدي بلون كريمي فاتح، مزود بقلنسوة متصلة عند العنق، بسطح بسي,هل هذه القطعة عباءة عراقية مطرزة بغطاء رأس؟,نعم,لا,no,0,,,1,3.83,qwen/qwen2.5-vl-72b-instruct,openrouter,1,1,0,2026-08-28T13:09:08.983734+00:00
architecture_the_kaaba_kabba_10__no,architecture_the_kaaba_kabba_10,The_Kaaba_kabba (10).png,architecture,no,الكعبة المشرفة,المسجد الحرام,صورة لواجهة من واجهات المسجد الحرام بمكة المكرمة، محاطة بحشد كبير من المصلين يرت,هل هذا المبنى المسجد الحرام؟,لا,نعم,yes,0,,,1,5.48,qwen/qwen2.5-vl-72b-instruct,openrouter,1,1,0,2026-08-28T13:09:08.984405+00:00
architecture_the_kaaba_kabba_10__yes,architecture_the_kaaba_kabba_10,The_Kaaba_kabba (10).png,architecture,yes,الكعبة المشرفة,المسجد الحرام,صورة لواجهة من واجهات المسجد الحرام بمكة المكرمة، محاطة بحشد كبير من المصلين يرت,هل هذا المبنى الكعبة المشرفة؟,نعم,نعم,yes,1,,,1,5.48,qwen/qwen2.5-vl-72b-instruct,openrouter,1,1,0,2026-08-28T13:09:08.984548+00:00
attire_85659_dress__yes,attire_85659_dress,85659_Dress.jpg,attire,yes,فستان مصري بيج بتطريز صدر مثلثي,ثوب بدوي سيناوي مطرز,صورة لثوب بدوي سيناوي طويل بلون بيج فاتح، مغطى بالكامل بتطريز كثيف من الغرز المت,هل هذه القطعة فستان مصري بيج بتطريز صدر مثلثي؟,نعم,لا,no,0,,,1,4.1,qwen/qwen2.5-vl-72b-instruct,openrouter,1,1,0,2026-08-28T13:09:08.984717+00:00
architecture_the_kaaba_kabba_11__yes,architecture_the_kaaba_kabba_11,The_Kaaba_kabba (11).png,architecture,yes,الكعبة المشرفة,المسجد الحرام,صورة قريبة لواجهة من واجهات المسجد الحرام بمكة المكرمة، تُظهر الحزام الذهبي المط,هل هذا المبنى الكعبة المشرفة؟,نعم,لا,no,0,,,1,5.49,qwen/qwen2.5-vl-72b-instruct,openrouter,1,1,0,2026-08-28T13:09:08.994477+00:00
architecture_the_clock_towers_watch_10__no,architecture_the_clock_towers_watch_10,The_Clock_Towers_watch (10).png,architecture,no,أبراج البيت (برج الساعة) بمكة,برج خليفة بدبي,صورة لبرج خليفة عند الشفق بألوان سماء وردية، ذي الهيكل الحلزوني المدبب البسيط ال,هل هذا المبنى برج خليفة بدبي؟,لا,لا,no,1,,,1,5.49,qwen/qwen2.5-vl-72b-instruct,openrouter,1,1,0,2026-08-28T13:09:08.994866+00:00
architecture_the_kaaba_kabba_12__no,architecture_the_kaaba_kabba_12,The_Kaaba_kabba (12).png,architecture,no,الكعبة المشرفة,المسجد الحرام,صورة لواجهة من واجهات المسجد الحرام بمكة المكرمة، مع حشد من المصلين ساجدين على ا,هل هذا المبنى المسجد الحرام؟,لا,لا,no,1,,,1,5.56,qwen/qwen2.5-vl-72b-instruct,openrouter,1,1,0,2026-08-28T13:09:09.066463+00:00
architecture_the_clock_towers_watch_1__no,architecture_the_clock_towers_watch_1,The_Clock_Towers_watch (1).png,architecture,no,أبراج البيت (برج الساعة) بمكة,برج خليفة بدبي,صورة لبرج خليفة الشاهق بدبي، ذي الهيكل الحلزوني المدبب الذي يضيق تدريجياً كلما ا,هل هذا المبنى برج خليفة بدبي؟,لا,لا,no,1,,,1,5.56,qwen/qwen2.5-vl-72b-instruct,openrouter,1,1,0,2026-08-28T13:09:09.066810+00:00
architecture_the_clock_towers_watch_10__yes,architecture_the_clock_towers_watch_10,The_Clock_Towers_watch (10).png,architecture,yes,أبراج البيت (برج الساعة) بمكة,برج خليفة بدبي,صورة لبرج خليفة عند الشفق بألوان سماء وردية، ذي الهيكل الحلزوني المدبب البسيط ال,هل هذا المبنى أبراج البيت (برج الساعة) بمكة؟,نعم,لا,no,0,,,1,5.56,qwen/qwen2.5-vl-72b-instruct,openrouter,1,1,0,2026-08-28T13:09:09.067191+00:00
attire_89306_wedding_ensemble__yes,attire_89306_wedding_ensemble,89306_Wedding_Ensemble.jpg,attire,yes,ثوب زفاف احتفالي,قفطان مغربي مطرز بخيوط الصقلي,صورة لقفطان مغربي طويل حتى القدمين بلون ذهبي برونزي لامع، مطرز بخيوط الصقلي المع,هل هذه القطعة ثوب زفاف احتفالي؟,نعم,نعم,yes,1,,,1,3.92,qwen/qwen2.5-vl-72b-instruct,openrouter,1,1,0,2026-08-28T13:09:09.072968+00:00
architecture_the_kaaba_kabba_1__no,architecture_the_kaaba_kabba_1,The_Kaaba_kabba (1).png,architecture,no,الكعبة المشرفة,المسجد الحرام,صورة لواجهة المسجد الحرام في مكة المكرمة، تُظهر جزءًا من عمارته المهيبة المغطاة ,هل هذا المبنى المسجد الحرام؟,لا,لا,no,1,,,1,5.57,qwen/qwen2.5-vl-72b-instruct,openrouter,1,1,0,2026-08-28T13:09:09.073194+00:00
cuisine_cuisine_of_egypt_01__yes,cuisine_cuisine_of_egypt_01,Cuisine_of_Egypt_01.JPG,cuisine,yes,أرز مندي بالدجاج,كبسة دجاج,صورة لقدر معدني كبير يحتوي على أرز أحمر مطهو بمعجون الطماطم وخلطة بهارات الكبسة،,هل هذا الطبق أرز مندي بالدجاج؟,نعم,لا,no,0,,,1,3.5,qwen/qwen2.5-vl-72b-instruct,openrouter,1,1,0,2026-08-28T13:09:09.073305+00:00
attire_89306_wedding_ensemble__no,attire_89306_wedding_ensemble,89306_Wedding_Ensemble.jpg,attire,no,ثوب زفاف احتفالي,قفطان مغربي مطرز بخيوط الصقلي,صورة لقفطان مغربي طويل حتى القدمين بلون ذهبي برونزي لامع، مطرز بخيوط الصقلي المع,هل هذه القطعة قفطان مغربي مطرز بخيوط الصقلي؟,لا,نعم,yes,0,,,1,3.6,qwen/qwen2.5-vl-72b-instruct,openrouter,1,1,0,2026-08-28T13:09:09.073530+00:00
architecture_the_kaaba_kabba_1__yes,architecture_the_kaaba_kabba_1,The_Kaaba_kabba (1).png,architecture,yes,الكعبة المشرفة,المسجد الحرام,صورة لواجهة المسجد الحرام في مكة المكرمة، تُظهر جزءًا من عمارته المهيبة المغطاة ,هل هذا المبنى الكعبة المشرفة؟,نعم,نعم,yes,1,,,1,5.6,qwen/qwen2.5-vl-72b-instruct,openrouter,1,1,0,2026-08-28T13:09:09.098023+00:00
architecture_the_kaaba_kabba_12__yes,architecture_the_kaaba_kabba_12,The_Kaaba_kabba (12).png,architecture,yes,الكعبة المشرفة,المسجد الحرام,صورة لواجهة من واجهات المسجد الحرام بمكة المكرمة، مع حشد من المصلين ساجدين على ا,هل هذا المبنى الكعبة المشرفة؟,نعم,نعم,yes,1,,,1,5.59,qwen/qwen2.5-vl-72b-instruct,openrouter,1,1,0,2026-08-28T13:09:09.098252+00:00
cuisine_cuisine_of_egypt_01__no,cuisine_cuisine_of_egypt_01,Cuisine_of_Egypt_01.JPG,cuisine,no,أرز مندي بالدجاج,كبسة دجاج,صورة لقدر معدني كبير يحتوي على أرز أحمر مطهو بمعجون الطماطم وخلطة بهارات الكبسة،,هل هذا الطبق كبسة دجاج؟,لا,نعم,yes,0,,,1,3.27,qwen/qwen2.5-vl-72b-instruct,openrouter,1,1,0,2026-08-28T13:09:09.331785+00:00
cuisine_cuisine_of_jordan_01__yes,cuisine_cuisine_of_jordan_01,Cuisine_of_Jordan_01.JPG,cuisine,yes,سمبوسك مقلي بحشوة لحم,سمبوسة هندية,صورة لطبق مزخرف عليه سبع سمبوسات هندية مثلثية الشكل بحشوة بطاطس متبلة، مقلية بلو,هل هذا الطبق سمبوسك مقلي بحشوة لحم؟,نعم,لا,no,0,,,1,2.74,qwen/qwen2.5-vl-72b-instruct,openrouter,1,1,0,2026-08-28T13:09:09.333438+00:00
architecture_the_clock_towers_watch_11__yes,architecture_the_clock_towers_watch_11,The_Clock_Towers_watch (11).png,architecture,yes,أبراج البيت (برج الساعة) بمكة,برج خليفة بدبي,صورة مقربة من أسفل لبرج خليفة، تُظهر واجهته الزجاجية الملساء المتدرجة الخالية من,هل هذا المبنى أبراج البيت (برج الساعة) بمكة؟,نعم,لا,no,0,,,1,5.83,qwen/qwen2.5-vl-72b-instruct,openrouter,1,1,0,2026-08-28T13:09:09.335539+00:00
cuisine_cuisine_of_egypt_11__yes,cuisine_cuisine_of_egypt_11,Cuisine_of_Egypt_11.jpg,cuisine,yes,سمك مشوي مصري,سمك صيادية,صورة لطبق سمك صيادية، يحتوي على أسماك كاملة موضوعة فوق طبقة من الأرز الداكن اللو,هل هذا الطبق سمك مشوي مصري؟,نعم,لا,no,0,,,1,3.19,qwen/qwen2.5-vl-72b-instruct,openrouter,1,1,0,2026-08-28T13:09:09.335934+00:00
cuisine_cuisine_of_jordan_10__yes,cuisine_cuisine_of_jordan_10,Cuisine_of_Jordan_10.jpg,cuisine,yes,فاهيتا لحم ودجاج مشوية,شاورما مشكلة على الصاج,صورة لطبق أسود بيضاوي فوق قاعدة خشبية، يحتوي على شرائح رقيقة جداً من شاورما اللح,هل هذا الطبق فاهيتا لحم ودجاج مشوية؟,نعم,لا,no,0,,,1,2.73,qwen/qwen2.5-vl-72b-instruct,openrouter,1,1,0,2026-08-28T13:09:09.337812+00:00
architecture_the_kaaba_kabba_11__no,architecture_the_kaaba_kabba_11,The_Kaaba_kabba (11).png,architecture,no,الكعبة المشرفة,المسجد الحرام,صورة قريبة لواجهة من واجهات المسجد الحرام بمكة المكرمة، تُظهر الحزام الذهبي المط,هل هذا المبنى المسجد الحرام؟,لا,لا,no,1,,,1,5.83,qwen/qwen2.5-vl-72b-instruct,openrouter,1,1,0,2026-08-28T13:09:09.338273+00:00
architecture_the_kaaba_kabba_13__no,architecture_the_kaaba_kabba_13,The_Kaaba_kabba (13).png,architecture,no,الكعبة المشرفة,المسجد الحرام,صورة لواجهة من واجهات المسجد الحرام بمكة المكرمة من زاوية بعيدة نسبياً، محاطة بأ,هل هذا المبنى المسجد الحرام؟,لا,نعم,yes,0,,,1,5.84,qwen/qwen2.5-vl-72b-instruct,openrouter,1,1,0,2026-08-28T13:09:09.342100+00:00
architecture_the_clock_towers_watch_11__no,architecture_the_clock_towers_watch_11,The_Clock_Towers_watch (11).png,architecture,no,أبراج البيت (برج الساعة) بمكة,برج خليفة بدبي,صورة مقربة من أسفل لبرج خليفة، تُظهر واجهته الزجاجية الملساء المتدرجة الخالية من,هل هذا المبنى برج خليفة بدبي؟,لا,لا,no,1,,,1,5.84,qwen/qwen2.5-vl-72b-instruct,openrouter,1,1,0,2026-08-28T13:09:09.344534+00:00
architecture_the_clock_towers_watch_1__yes,architecture_the_clock_towers_watch_1,The_Clock_Towers_watch (1).png,architecture,yes,أبراج البيت (برج الساعة) بمكة,برج خليفة بدبي,صورة لبرج خليفة الشاهق بدبي، ذي الهيكل الحلزوني المدبب الذي يضيق تدريجياً كلما ا,هل هذا المبنى أبراج البيت (برج الساعة) بمكة؟,نعم,لا,no,0,,,1,5.88,qwen/qwen2.5-vl-72b-instruct,openrouter,1,1,0,2026-08-28T13:09:09.383393+00:00
cuisine_cuisine_of_egypt_11__no,cuisine_cuisine_of_egypt_11,Cuisine_of_Egypt_11.jpg,cuisine,no,سمك مشوي مصري,سمك صيادية,صورة لطبق سمك صيادية، يحتوي على أسماك كاملة موضوعة فوق طبقة من الأرز الداكن اللو,هل هذا الطبق سمك صيادية؟,لا,لا,no,1,,,1,2.88,qwen/qwen2.5-vl-72b-instruct,openrouter,1,1,0,2026-08-28T13:09:09.479970+00:00
cuisine_cuisine_of_jordan_01__no,cuisine_cuisine_of_jordan_01,Cuisine_of_Jordan_01.JPG,cuisine,no,سمبوسك مقلي بحشوة لحم,سمبوسة هندية,صورة لطبق مزخرف عليه سبع سمبوسات هندية مثلثية الشكل بحشوة بطاطس متبلة، مقلية بلو,هل هذا الطبق سمبوسة هندية؟,لا,نعم,yes,0,,,1,2.89,qwen/qwen2.5-vl-72b-instruct,openrouter,1,1,0,2026-08-28T13:09:09.483776+00:00
cuisine_cuisine_of_saudi_arabia_05__yes,cuisine_cuisine_of_saudi_arabia_05,Cuisine_of_Saudi_Arabia_05.JPG,cuisine,yes,أرز بخاري بالدجاج,كبسة دجاج,صورة مأخوذة من الأعلى لطبق معدني دائري كبير يحتوي على كمية وافرة من الأرز الأحمر,هل هذا الطبق أرز بخاري بالدجاج؟,نعم,لا,no,0,,,1,1.33,qwen/qwen2.5-vl-72b-instruct,openrouter,1,1,0,2026-08-28T13:09:09.619109+00:00
objects_447008_incense_burner__yes,objects_447008_incense_burner,447008_Incense_Burner.jpg,objects,yes,مبخرة,دلة قهوة نحاسية مطعمة,صورة لدلة قهوة عربية نحاسية داكنة اللون، ترتكز على أربع قوائم قصيرة، بغطاء مقبب ,هل هذه القطعة مبخرة؟,نعم,لا,no,0,,,1,1.07,qwen/qwen2.5-vl-72b-instruct,openrouter,1,1,0,2026-08-28T13:09:10.147882+00:00
cuisine_cuisine_of_saudi_arabia_12__yes,cuisine_cuisine_of_saudi_arabia_12,Cuisine_of_Saudi_Arabia_12.JPG,cuisine,yes,جريش,هريس إماراتي,صورة مقربة لهريس إماراتي، عصيدة بيضاء كريمية القوام مصنوعة من القمح المجروش المم,هل هذا الطبق جريش؟,نعم,نعم,yes,1,,,1,1.28,qwen/qwen2.5-vl-72b-instruct,openrouter,1,1,0,2026-08-28T13:09:10.261784+00:00
cuisine_cuisine_of_saudi_arabia_08__yes,cuisine_cuisine_of_saudi_arabia_08,Cuisine_of_Saudi_Arabia_08.JPG,cuisine,yes,دقة (خلطة بهارات وبذور),بهارات كبسة,صورة لطبق أبيض عليه كومة من بهارات الكبسة المطحونة ناعمة القوام بلون بني فاتح مو,هل هذا الطبق دقة (خلطة بهارات وبذور)؟,نعم,لا,no,0,,,1,2.45,qwen/qwen2.5-vl-72b-instruct,openrouter,1,1,0,2026-08-28T13:09:11.434409+00:00
cuisine_cuisine_of_saudi_arabia_06__no,cuisine_cuisine_of_saudi_arabia_06,Cuisine_of_Saudi_Arabia_06.jpg,cuisine,no,سليق دجاج,مندي دجاج,صورة مقربة لطبق مندي دجاج، أرز طويل الحبة بلون ذهبي مصبوغ بالهيل والزعفران، عليه,هل هذا الطبق مندي دجاج؟,لا,نعم,yes,0,,,1,2.45,qwen/qwen2.5-vl-72b-instruct,openrouter,1,1,0,2026-08-28T13:09:11.434818+00:00
cuisine_cuisine_of_saudi_arabia_05__no,cuisine_cuisine_of_saudi_arabia_05,Cuisine_of_Saudi_Arabia_05.JPG,cuisine,no,أرز بخاري بالدجاج,كبسة دجاج,صورة مأخوذة من الأعلى لطبق معدني دائري كبير يحتوي على كمية وافرة من الأرز الأحمر,هل هذا الطبق كبسة دجاج؟,لا,نعم,yes,0,,,1,3.46,qwen/qwen2.5-vl-72b-instruct,openrouter,1,1,0,2026-08-28T13:09:12.424205+00:00
script_kufic_kuf12__yes,script_kufic_kuf12,Kufic_kuf12.jpg,script,yes,خط كوفي,خط النسخ,صورة للوحة حجرية منقوش عليها عبارة عربية بخط النسخ، الخط المعروف بانتشاره الواسع,هل هذا الخط خط كوفي؟,نعم,لا,no,0,,,1,3.35,qwen/qwen2.5-vl-72b-instruct,openrouter,1,1,0,2026-08-28T13:09:12.424854+00:00
cuisine_cuisine_of_saudi_arabia_08__no,cuisine_cuisine_of_saudi_arabia_08,Cuisine_of_Saudi_Arabia_08.JPG,cuisine,no,دقة (خلطة بهارات وبذور),بهارات كبسة,صورة لطبق أبيض عليه كومة من بهارات الكبسة المطحونة ناعمة القوام بلون بني فاتح مو,هل هذا الطبق بهارات كبسة؟,لا,نعم,yes,0,,,1,3.44,qwen/qwen2.5-vl-72b-instruct,openrouter,1,1,0,2026-08-28T13:09:12.425039+00:00
cuisine_cuisine_of_saudi_arabia_12__no,cuisine_cuisine_of_saudi_arabia_12,Cuisine_of_Saudi_Arabia_12.JPG,cuisine,no,جريش,هريس إماراتي,صورة مقربة لهريس إماراتي، عصيدة بيضاء كريمية القوام مصنوعة من القمح المجروش المم,هل هذا الطبق هريس إماراتي؟,لا,نعم,yes,0,,,1,3.44,qwen/qwen2.5-vl-72b-instruct,openrouter,1,1,0,2026-08-28T13:09:12.425552+00:00
objects_447008_incense_burner__no,objects_447008_incense_burner,447008_Incense_Burner.jpg,objects,no,مبخرة,دلة قهوة نحاسية مطعمة,صورة لدلة قهوة عربية نحاسية داكنة اللون، ترتكز على أربع قوائم قصيرة، بغطاء مقبب ,هل هذه القطعة دلة قهوة نحاسية مطعمة؟,لا,نعم,yes,0,,,1,3.35,qwen/qwen2.5-vl-72b-instruct,openrouter,1,1,0,2026-08-28T13:09:12.425763+00:00
script_kufic_kuf12__no,script_kufic_kuf12,Kufic_kuf12.jpg,script,no,خط كوفي,خط النسخ,صورة للوحة حجرية منقوش عليها عبارة عربية بخط النسخ، الخط المعروف بانتشاره الواسع,هل هذا الخط خط النسخ؟,لا,لا,no,1,,,1,3.33,qwen/qwen2.5-vl-72b-instruct,openrouter,1,1,0,2026-08-28T13:09:12.426481+00:00
cuisine_cuisine_of_yemen_07__yes,cuisine_cuisine_of_yemen_07,Cuisine_of_Yemen_07.jpg,cuisine,yes,لحوح يمني,إنجيرا إثيوبية,صورة لخبز إنجيرا إثيوبية دائري الشكل، رقيق ومسامي بلون بني رمادي داكن، مليء بثقو,هل هذا الطبق لحوح يمني؟,نعم,لا,no,0,,,1,3.66,qwen/qwen2.5-vl-72b-instruct,openrouter,1,1,0,2026-08-28T13:09:12.725789+00:00
cuisine_cuisine_of_the_united_arab_emirates_03__no,cuisine_cuisine_of_the_united_arab_emirates_03,Cuisine_of_the_United_Arab_Emirates_03.JPG,cuisine,no,أم علي,بودينغ الخبز الإنجليزي,صورة من الأعلى لطبق دائري أسود يحتوي على بودينغ الخبز الإنجليزي، وهو حلوى مخبوزة,هل هذا الطبق بودينغ الخبز الإنجليزي؟,لا,لا,no,1,,,1,3.73,qwen/qwen2.5-vl-72b-instruct,openrouter,1,1,0,2026-08-28T13:09:12.727998+00:00
cuisine_levantine_cuisine_14__no,cuisine_levantine_cuisine_14,Levantine_cuisine_14.jpg,cuisine,no,مناقيش زعتر,خبز مسحّب زعتر تركي,صورة مقربة لخبز مسحّب تركي بشكل قارب مستطيل، مغطى بطبقة كثيفة من خليط الزعتر وال,هل هذا الطبق خبز مسحّب زعتر تركي؟,لا,لا,no,1,,,1,3.66,qwen/qwen2.5-vl-72b-instruct,openrouter,1,1,0,2026-08-28T13:09:12.730068+00:00
script_nastaliq_nas19__no,script_nastaliq_nas19,Nastaliq_nas19.jpg,script,no,خط فارسي (تعليق),خط ديواني,صورة لنص عربي بخط ديواني على خلفية داكنة، بحروف مستديرة متشابكة بكثافة تملأ الفر,هل هذا الخط خط ديواني؟,لا,نعم,yes,0,,,1,3.39,qwen/qwen2.5-vl-72b-instruct,openrouter,1,1,0,2026-08-28T13:09:12.732576+00:00
script_nastaliq_nas47__no,script_nastaliq_nas47,Nastaliq_nas47.jpg,script,no,خط فارسي (تعليق),خط ديواني,صورة للوحة معلقة بخط ديواني ضمن تصميم دائري، بحروف مستديرة متشابكة بكثافة تملأ ا,هل هذا الخط خط ديواني؟,لا,لا,no,1,,,1,3.25,qwen/qwen2.5-vl-72b-instruct,openrouter,1,1,0,2026-08-28T13:09:12.734113+00:00
cuisine_cuisine_of_saudi_arabia_06__yes,cuisine_cuisine_of_saudi_arabia_06,Cuisine_of_Saudi_Arabia_06.jpg,cuisine,yes,سليق دجاج,مندي دجاج,صورة مقربة لطبق مندي دجاج، أرز طويل الحبة بلون ذهبي مصبوغ بالهيل والزعفران، عليه,هل هذا الطبق سليق دجاج؟,نعم,لا,no,0,,,1,3.75,qwen/qwen2.5-vl-72b-instruct,openrouter,1,1,0,2026-08-28T13:09:12.736047+00:00
script_nastaliq_nas32__no,script_nastaliq_nas32,Nastaliq_nas32.jpg,script,no,خط فارسي (تعليق),خط ديواني,صورة للوحة فنية بخط ديواني على خلفية محببة، بحروف مستديرة متشابكة بكثافة دون خط ,هل هذا الخط خط ديواني؟,لا,نعم,yes,0,,,1,3.51,qwen/qwen2.5-vl-72b-instruct,openrouter,1,1,0,2026-08-28T13:09:12.854203+00:00
cuisine_levantine_cuisine_14__yes,cuisine_levantine_cuisine_14,Levantine_cuisine_14.jpg,cuisine,yes,مناقيش زعتر,خبز مسحّب زعتر تركي,صورة مقربة لخبز مسحّب تركي بشكل قارب مستطيل، مغطى بطبقة كثيفة من خليط الزعتر وال,هل هذا الطبق مناقيش زعتر؟,نعم,نعم,yes,1,,,1,3.79,qwen/qwen2.5-vl-72b-instruct,openrouter,1,1,0,2026-08-28T13:09:12.859721+00:00
cuisine_cuisine_of_the_united_arab_emirates_03__yes,cuisine_cuisine_of_the_united_arab_emirates_03,Cuisine_of_the_United_Arab_Emirates_03.JPG,cuisine,yes,أم علي,بودينغ الخبز الإنجليزي,صورة من الأعلى لطبق دائري أسود يحتوي على بودينغ الخبز الإنجليزي، وهو حلوى مخبوزة,هل هذا الطبق أم علي؟,نعم,لا,no,0,,,1,3.94,qwen/qwen2.5-vl-72b-instruct,openrouter,1,1,0,2026-08-28T13:09:12.933308+00:00
script_kufic_kuf69__yes,script_kufic_kuf69,Kufic_kuf69.jpg,script,yes,خط كوفي,خط النسخ,صورة لتصميم معماري زخرفي يضم حروفاً عربية بخط النسخ المستدير الانسيابي، مستخدم ك,هل هذا الخط خط كوفي؟,نعم,لا,no,0,,,1,4.38,qwen/qwen2.5-vl-72b-instruct,openrouter,1,1,0,2026-08-28T13:09:13.473669+00:00
script_nastaliq_nas19__yes,script_nastaliq_nas19,Nastaliq_nas19.jpg,script,yes,خط فارسي (تعليق),خط ديواني,صورة لنص عربي بخط ديواني على خلفية داكنة، بحروف مستديرة متشابكة بكثافة تملأ الفر,هل هذا الخط خط فارسي (تعليق)؟,نعم,لا,no,0,,,1,4.5,qwen/qwen2.5-vl-72b-instruct,openrouter,1,1,0,2026-08-28T13:09:13.833170+00:00
script_nastaliq_3_263__yes,script_nastaliq_3_263,Nastaliq_3_263.jpg,script,yes,خط فارسي (تعليق),خط ديواني,صورة لصفحة شعرية قديمة بخط ديواني أسود على ورق مصفر، بحروف مستديرة متشابكة بكثاف,هل هذا الخط خط فارسي (تعليق)؟,نعم,لا,no,0,,,1,4.5,qwen/qwen2.5-vl-72b-instruct,openrouter,1,1,0,2026-08-28T13:09:13.838586+00:00
script_kufic_kuf69__no,script_kufic_kuf69,Kufic_kuf69.jpg,script,no,خط كوفي,خط النسخ,صورة لتصميم معماري زخرفي يضم حروفاً عربية بخط النسخ المستدير الانسيابي، مستخدم ك,هل هذا الخط خط النسخ؟,لا,لا,no,1,,,1,4.51,qwen/qwen2.5-vl-72b-instruct,openrouter,1,1,0,2026-08-28T13:09:13.841942+00:00
script_nastaliq_3_263__no,script_nastaliq_3_263,Nastaliq_3_263.jpg,script,no,خط فارسي (تعليق),خط ديواني,صورة لصفحة شعرية قديمة بخط ديواني أسود على ورق مصفر، بحروف مستديرة متشابكة بكثاف,هل هذا الخط خط ديواني؟,لا,لا,no,1,,,1,4.51,qwen/qwen2.5-vl-72b-instruct,openrouter,1,1,0,2026-08-28T13:09:13.844558+00:00
script_nastaliq_nas35__no,script_nastaliq_nas35,Nastaliq_nas35.jpg,script,no,خط فارسي (تعليق),خط ديواني,صورة لصفحة قديمة مكتوبة بخط ديواني أسود، بحروف مستديرة متشابكة بكثافة تتزاحم فوق,هل هذا الخط خط ديواني؟,لا,نعم,yes,0,,,1,4.47,qwen/qwen2.5-vl-72b-instruct,openrouter,1,1,0,2026-08-28T13:09:13.854123+00:00
script_nastaliq_nas32__yes,script_nastaliq_nas32,Nastaliq_nas32.jpg,script,yes,خط فارسي (تعليق),خط ديواني,صورة للوحة فنية بخط ديواني على خلفية محببة، بحروف مستديرة متشابكة بكثافة دون خط ,هل هذا الخط خط فارسي (تعليق)؟,نعم,لا,no,0,,,1,4.52,qwen/qwen2.5-vl-72b-instruct,openrouter,1,1,0,2026-08-28T13:09:13.856227+00:00
script_nastaliq_nas35__yes,script_nastaliq_nas35,Nastaliq_nas35.jpg,script,yes,خط فارسي (تعليق),خط ديواني,صورة لصفحة قديمة مكتوبة بخط ديواني أسود، بحروف مستديرة متشابكة بكثافة تتزاحم فوق,هل هذا الخط خط فارسي (تعليق)؟,نعم,لا,no,0,,,1,4.76,qwen/qwen2.5-vl-72b-instruct,openrouter,1,1,0,2026-08-28T13:09:14.101018+00:00
script_nastaliq_nas47__yes,script_nastaliq_nas47,Nastaliq_nas47.jpg,script,yes,خط فارسي (تعليق),خط ديواني,صورة للوحة معلقة بخط ديواني ضمن تصميم دائري، بحروف مستديرة متشابكة بكثافة تملأ ا,هل هذا الخط خط فارسي (تعليق)؟,نعم,لا,no,0,,,1,4.62,qwen/qwen2.5-vl-72b-instruct,openrouter,1,1,0,2026-08-28T13:09:14.104223+00:00
cuisine_cuisine_of_yemen_07__no,cuisine_cuisine_of_yemen_07,Cuisine_of_Yemen_07.jpg,cuisine,no,لحوح يمني,إنجيرا إثيوبية,صورة لخبز إنجيرا إثيوبية دائري الشكل، رقيق ومسامي بلون بني رمادي داكن، مليء بثقو,هل هذا الطبق إنجيرا إثيوبية؟,لا,نعم,yes,0,,,1,7.39,qwen/qwen2.5-vl-72b-instruct,openrouter,1,1,0,2026-08-28T13:09:16.455549+00:00
